sep=,
"Time","k6_checks_rate"
2025-09-13 19:33:00,80 %
2025-09-13 19:33:15,80 %
2025-09-13 19:33:30,80 %
2025-09-13 19:33:45,80 %
2025-09-13 19:34:00,80 %
2025-09-13 19:34:15,80 %
2025-09-13 19:34:30,66.7 %
2025-09-13 19:34:45,71.4 %
2025-09-13 19:35:00,71.4 %
2025-09-13 19:35:15,75 %
2025-09-13 19:35:30,77.8 %
2025-09-13 19:35:45,81.7 %
2025-09-13 19:36:00,83.7 %
2025-09-13 19:36:15,85 %
2025-09-13 19:36:30,85.7 %
2025-09-13 19:36:45,86.3 %
2025-09-13 19:37:00,87 %
2025-09-13 19:37:15,87.3 %
2025-09-13 19:37:30,87.7 %
2025-09-13 19:37:45,87.7 %
2025-09-13 19:38:00,96 %
2025-09-13 19:38:15,96 %
2025-09-13 19:38:30,96 %
2025-09-13 19:38:45,96 %
2025-09-13 19:39:00,96 %
2025-09-13 19:39:15,96.7 %
2025-09-13 19:39:30,97.3 %
2025-09-13 19:39:45,97.3 %
2025-09-13 19:40:00,97.3 %
2025-09-13 19:40:15,97.3 %
2025-09-13 19:40:30,98 %
2025-09-13 19:40:45,98 %
2025-09-13 19:41:00,98 %
2025-09-13 19:41:15,98 %
2025-09-13 19:41:30,98 %
2025-09-13 19:41:45,98 %
2025-09-13 19:42:00,98 %
2025-09-13 19:42:15,98 %
2025-09-13 19:42:30,98 %
2025-09-13 19:42:45,98 %
2025-09-13 19:43:00,98 %
2025-09-13 19:43:15,98 %
2025-09-13 19:43:30,98 %
2025-09-13 19:43:45,98 %
2025-09-13 19:44:00,98 %
2025-09-13 19:44:15,98 %
2025-09-13 19:44:30,98 %
2025-09-13 19:44:45,98 %
2025-09-13 19:45:00,98 %
2025-09-13 19:45:15,98 %
2025-09-13 19:45:30,98 %
2025-09-13 19:45:45,98 %
2025-09-13 19:46:00,98 %
2025-09-13 19:46:15,98 %
2025-09-13 19:46:30,98 %
2025-09-13 19:46:45,98 %
2025-09-13 19:47:00,98 %
2025-09-13 19:47:15,98 %
2025-09-13 19:47:30,98 %
2025-09-13 19:47:45,98 %
2025-09-13 19:48:00,98.7 %
2025-09-13 19:48:15,98.7 %
2025-09-13 19:48:30,99.3 %
2025-09-13 19:48:45,99.3 %
2025-09-13 19:49:00,99.3 %
2025-09-13 19:49:15,99.3 %
2025-09-13 19:49:30,99.3 %
2025-09-13 19:49:45,99.3 %
2025-09-13 19:50:00,99.3 %
2025-09-13 19:50:15,99.3 %
2025-09-13 19:50:30,99.3 %
2025-09-13 19:50:45,99.3 %
2025-09-13 19:51:00,99.3 %
2025-09-13 19:51:15,99.3 %
2025-09-13 19:51:30,99.3 %
2025-09-13 19:51:45,100 %
2025-09-13 19:52:00,100 %
2025-09-13 19:52:15,100 %
2025-09-13 19:52:30,100 %
2025-09-13 19:52:45,100 %
2025-09-13 19:53:00,100 %
2025-09-13 19:53:15,100 %
2025-09-13 19:53:30,100 %
2025-09-13 19:53:45,100 %
2025-09-13 19:54:00,100 %
2025-09-13 19:54:15,100 %
2025-09-13 19:54:30,100 %
2025-09-13 19:54:45,100 %
2025-09-13 19:55:00,100 %
2025-09-13 19:55:15,100 %
2025-09-13 19:55:30,100 %
2025-09-13 19:55:45,100 %
2025-09-13 19:56:00,100 %
2025-09-13 19:56:15,100 %
2025-09-13 19:56:30,100 %
2025-09-13 19:56:45,100 %
2025-09-13 19:57:00,100 %
2025-09-13 19:57:15,100 %
2025-09-13 19:57:30,100 %
2025-09-13 19:57:45,100 %
2025-09-13 19:58:00,100 %
2025-09-13 19:58:15,100 %
2025-09-13 19:58:30,100 %
2025-09-13 19:58:45,100 %
2025-09-13 19:59:00,100 %
2025-09-13 19:59:15,100 %
2025-09-13 19:59:30,100 %
2025-09-13 19:59:45,100 %
2025-09-13 20:00:00,100 %
2025-09-13 20:00:15,100 %
2025-09-13 20:00:30,100 %
2025-09-13 20:00:45,100 %
2025-09-13 20:01:00,100 %
2025-09-13 20:01:15,100 %
2025-09-13 20:01:30,100 %
2025-09-13 20:01:45,100 %
2025-09-13 20:02:00,100 %
2025-09-13 20:02:15,100 %
2025-09-13 20:02:30,100 %
2025-09-13 20:02:45,100 %
2025-09-13 20:03:00,100 %
2025-09-13 20:03:15,100 %
2025-09-13 20:03:30,100 %
2025-09-13 20:03:45,100 %
2025-09-13 20:04:00,100 %
2025-09-13 20:04:15,100 %
2025-09-13 20:04:30,100 %
2025-09-13 20:04:45,100 %
2025-09-13 20:05:00,100 %
2025-09-13 20:05:15,100 %
2025-09-13 20:05:30,83.3 %
2025-09-13 20:05:45,90 %
2025-09-13 20:06:00,88.6 %
2025-09-13 20:06:15,87.1 %
2025-09-13 20:06:30,87.1 %
2025-09-13 20:06:45,73.3 %
2025-09-13 20:07:00,70.8 %
2025-09-13 20:07:15,67.5 %
2025-09-13 20:07:30,66.3 %
2025-09-13 20:07:45,63.0 %
2025-09-13 20:08:00,76.3 %
2025-09-13 20:08:15,83.3 %
2025-09-13 20:08:30,87.9 %
2025-09-13 20:08:45,90 %
2025-09-13 20:09:00,91 %
2025-09-13 20:09:15,92.4 %
2025-09-13 20:09:30,85.3 %
2025-09-13 20:09:45,86.7 %
2025-09-13 20:10:00,86.7 %
2025-09-13 20:10:15,87.3 %
2025-09-13 20:10:30,90 %
2025-09-13 20:10:45,90 %
2025-09-13 20:11:00,90 %
2025-09-13 20:11:15,90 %
2025-09-13 20:11:30,90.7 %
2025-09-13 20:11:45,90.7 %
2025-09-13 20:12:00,92 %
2025-09-13 20:12:15,92.7 %
2025-09-13 20:12:30,93.3 %
2025-09-13 20:12:45,93.3 %
2025-09-13 20:13:00,93.3 %
2025-09-13 20:13:15,94 %
2025-09-13 20:13:30,94 %
2025-09-13 20:13:45,94 %
2025-09-13 20:14:00,94 %
2025-09-13 20:14:15,94.7 %
2025-09-13 20:14:30,95.3 %
2025-09-13 20:14:45,95.3 %
2025-09-13 20:15:00,95.3 %
2025-09-13 20:15:15,95.3 %
2025-09-13 20:15:30,95.3 %
2025-09-13 20:15:45,95.3 %
2025-09-13 20:16:00,95.3 %
2025-09-13 20:16:15,95.3 %
2025-09-13 20:16:30,96 %
2025-09-13 20:16:45,96 %
2025-09-13 20:17:00,96 %
2025-09-13 20:17:15,96 %
2025-09-13 20:17:30,96 %
2025-09-13 20:17:45,96 %
2025-09-13 20:18:00,96 %
2025-09-13 20:18:15,96 %
2025-09-13 20:18:30,96 %
2025-09-13 20:18:45,96 %
2025-09-13 20:19:00,96 %
2025-09-13 20:19:15,96 %
2025-09-13 20:19:30,96.7 %
2025-09-13 20:19:45,97.3 %
2025-09-13 20:20:00,97.3 %
2025-09-13 20:20:15,97.3 %
2025-09-13 20:20:30,97.3 %
2025-09-13 20:20:45,97.3 %
2025-09-13 20:21:00,97.3 %
2025-09-13 20:21:15,97.3 %
2025-09-13 20:21:30,97.3 %
2025-09-13 20:21:45,97.3 %
2025-09-13 20:22:00,97.3 %
2025-09-13 20:22:15,97.3 %
2025-09-13 20:22:30,97.3 %
2025-09-13 20:22:45,97.3 %
2025-09-13 20:23:00,97.3 %
2025-09-13 20:23:15,98 %
2025-09-13 20:23:30,98 %
2025-09-13 20:23:45,98 %
2025-09-13 20:24:00,98 %
2025-09-13 20:24:15,98 %
2025-09-13 20:24:30,98 %
2025-09-13 20:24:45,98 %
2025-09-13 20:25:00,98 %
2025-09-13 20:25:15,98 %
2025-09-13 20:25:30,98 %
2025-09-13 20:25:45,98 %
2025-09-13 20:26:00,98 %
2025-09-13 20:26:15,98 %
2025-09-13 20:26:30,98 %
2025-09-13 20:26:45,98 %
2025-09-13 20:27:00,98 %
2025-09-13 20:27:15,98 %
2025-09-13 20:27:30,98 %
2025-09-13 20:27:45,98 %
2025-09-13 20:28:00,98 %
2025-09-13 20:28:15,98 %
2025-09-13 20:28:30,98.7 %
2025-09-13 20:28:45,98.8 %
2025-09-13 20:29:00,98.9 %
2025-09-13 20:29:15,98.9 %
2025-09-13 20:29:30,98.9 %
2025-09-13 20:29:45,99 %
2025-09-13 20:30:00,95 %
2025-09-13 20:30:15,96.3 %
2025-09-13 20:30:30,94 %
2025-09-13 20:30:45,94.3 %
2025-09-13 20:31:00,96.3 %
2025-09-13 20:31:15,97.7 %
2025-09-13 20:31:30,98.3 %
2025-09-13 20:31:45,98.3 %
2025-09-13 20:32:00,98.3 %
2025-09-13 20:32:15,98.4 %
2025-09-13 20:32:30,98.7 %
2025-09-13 20:32:45,98.7 %
2025-09-13 20:33:00,98.7 %
2025-09-13 20:33:15,98.7 %
2025-09-13 20:33:30,98 %
2025-09-13 20:33:45,98 %
2025-09-13 20:34:00,96.7 %
2025-09-13 20:34:15,96.7 %
2025-09-13 20:34:30,96.7 %
2025-09-13 20:34:45,96.7 %
2025-09-13 20:35:00,96.7 %
2025-09-13 20:35:15,96.7 %
2025-09-13 20:35:30,98 %
2025-09-13 20:35:45,98.3 %
2025-09-13 20:36:00,98.3 %
2025-09-13 20:36:15,98.3 %
2025-09-13 20:36:30,98.3 %
2025-09-13 20:36:45,98.3 %
2025-09-13 20:37:00,98.3 %
2025-09-13 20:37:15,98.3 %
2025-09-13 20:37:30,98.3 %
2025-09-13 20:37:45,98.3 %
2025-09-13 20:38:00,98.3 %
2025-09-13 20:38:15,98.2 %
2025-09-13 20:38:30,98.2 %
2025-09-13 20:38:45,98.1 %
2025-09-13 20:39:00,100 %
2025-09-13 20:39:15,100 %
2025-09-13 20:39:30,100 %
2025-09-13 20:39:45,100 %
2025-09-13 20:40:00,100 %
2025-09-13 20:40:15,100 %
2025-09-13 20:40:30,100 %
2025-09-13 20:40:45,100 %
2025-09-13 20:41:00,100 %
2025-09-13 20:41:15,100 %
2025-09-13 20:41:30,100 %
2025-09-13 20:41:45,100 %
2025-09-13 20:42:00,100 %
2025-09-13 20:42:15,100 %
2025-09-13 20:42:30,100 %
2025-09-13 20:42:45,100 %
2025-09-13 20:43:00,100 %
2025-09-13 20:43:15,100 %
2025-09-13 20:43:30,100 %
2025-09-13 20:43:45,100 %
2025-09-13 20:44:00,100 %
2025-09-13 20:44:15,100 %
2025-09-13 20:44:30,100 %
2025-09-13 20:44:45,100 %
2025-09-13 20:45:00,100 %
2025-09-13 20:45:15,100 %
2025-09-13 20:45:30,100 %
2025-09-13 20:45:45,100 %
2025-09-13 20:46:00,100 %
2025-09-13 20:46:15,100 %
2025-09-13 20:46:30,100 %
2025-09-13 20:46:45,100 %
2025-09-13 20:47:00,100 %
2025-09-13 20:47:15,100 %
2025-09-13 20:47:30,100 %
2025-09-13 20:47:45,100 %
2025-09-13 20:48:00,100 %
2025-09-13 20:48:15,100 %
2025-09-13 20:48:30,100 %
2025-09-13 20:48:45,100 %
2025-09-13 20:49:00,100 %
2025-09-13 20:49:15,100 %
2025-09-13 20:49:30,100 %
2025-09-13 20:49:45,100 %
2025-09-13 20:50:00,100 %
2025-09-13 20:50:15,100 %
2025-09-13 20:50:30,100 %
2025-09-13 20:50:45,100 %
2025-09-13 20:51:00,100 %
2025-09-13 20:51:15,100 %
2025-09-13 20:51:30,100 %
2025-09-13 20:51:45,100 %
2025-09-13 20:52:00,100 %
2025-09-13 20:52:15,100 %
2025-09-13 20:52:30,100 %
2025-09-13 20:52:45,100 %
2025-09-13 20:53:00,100 %
2025-09-13 20:53:15,100 %
2025-09-13 20:53:30,100 %
2025-09-13 20:53:45,100 %
2025-09-13 20:54:00,100 %
2025-09-13 20:54:15,100 %
2025-09-13 20:54:30,100 %
2025-09-13 20:54:45,100 %
2025-09-13 20:55:00,100 %
2025-09-13 20:55:15,100 %
2025-09-13 20:55:30,100 %
2025-09-13 20:55:45,100 %
2025-09-13 20:56:00,100 %
2025-09-13 20:56:15,100 %
2025-09-13 20:56:30,100 %
2025-09-13 20:56:45,100 %
2025-09-13 20:57:00,100 %
2025-09-13 20:57:15,100 %
2025-09-13 20:57:30,100 %
2025-09-13 20:57:45,100 %
2025-09-13 20:58:00,100 %
2025-09-13 20:58:15,100 %
2025-09-13 20:58:30,100 %
2025-09-13 20:58:45,100 %
2025-09-13 20:59:00,100 %
2025-09-13 20:59:15,100 %
2025-09-13 20:59:30,100 %
2025-09-13 20:59:45,100 %
2025-09-13 21:00:00,100 %
2025-09-13 21:00:15,100 %
2025-09-13 21:00:30,100 %
2025-09-13 21:00:45,100 %
2025-09-13 21:01:00,100 %
2025-09-13 21:01:15,100 %
2025-09-13 21:01:30,100 %
2025-09-13 21:01:45,100 %
2025-09-13 21:02:00,100 %
2025-09-13 21:02:15,100 %
2025-09-13 21:02:30,100 %
2025-09-13 21:02:45,100 %
2025-09-13 21:03:00,100 %
2025-09-13 21:03:15,100 %
2025-09-13 21:03:30,100 %
2025-09-13 21:03:45,100 %
2025-09-13 21:04:00,100 %
2025-09-13 21:04:15,100 %
2025-09-13 21:04:30,100 %
2025-09-13 21:04:45,100 %
2025-09-13 21:05:00,100 %
2025-09-13 21:05:15,100 %
2025-09-13 21:05:30,100 %
2025-09-13 21:05:45,100 %
2025-09-13 21:06:00,100 %
2025-09-13 21:06:15,100 %
2025-09-13 21:06:30,100 %
2025-09-13 21:06:45,100 %
2025-09-13 21:07:00,100 %
2025-09-13 21:07:15,100 %
2025-09-13 21:07:30,100 %
2025-09-13 21:07:45,100 %
2025-09-13 21:08:00,100 %
2025-09-13 21:08:15,100 %
2025-09-13 21:08:30,100 %
2025-09-13 21:08:45,100 %
2025-09-13 21:09:00,100 %
2025-09-13 21:09:15,100 %
2025-09-13 21:09:30,100 %
2025-09-13 21:09:45,100 %
2025-09-13 21:10:00,100 %
2025-09-13 21:10:15,100 %
2025-09-13 21:10:30,100 %
2025-09-13 21:10:45,100 %
2025-09-13 21:11:00,100 %
2025-09-13 21:11:15,100 %
2025-09-13 21:11:30,100 %
2025-09-13 21:11:45,100 %
2025-09-13 21:12:00,100 %
2025-09-13 21:12:15,100 %
2025-09-13 21:12:30,100 %
2025-09-13 21:12:45,100 %
2025-09-13 21:13:00,100 %
2025-09-13 21:13:15,100 %
2025-09-13 21:13:30,100 %
2025-09-13 21:13:45,100 %
2025-09-13 21:14:00,100 %
2025-09-13 21:14:15,100 %
2025-09-13 21:14:30,100 %
2025-09-13 21:14:45,100 %
2025-09-13 21:15:00,100 %
2025-09-13 21:15:15,100 %
2025-09-13 21:15:30,100 %
2025-09-13 21:15:45,100 %
2025-09-13 21:16:00,100 %
2025-09-13 21:16:15,100 %
2025-09-13 21:16:30,100 %
2025-09-13 21:16:45,100 %
2025-09-13 21:17:00,100 %
2025-09-13 21:17:15,100 %
2025-09-13 21:17:30,100 %
2025-09-13 21:17:45,100 %
2025-09-13 21:18:00,100 %
2025-09-13 21:18:15,100 %
2025-09-13 21:18:30,100 %
2025-09-13 21:18:45,100 %
2025-09-13 21:19:00,100 %
2025-09-13 21:19:15,100 %
2025-09-13 21:19:30,100 %
2025-09-13 21:19:45,100 %
2025-09-13 21:20:00,100 %
2025-09-13 21:20:15,100 %
2025-09-13 21:20:30,100 %
2025-09-13 21:20:45,100 %
2025-09-13 21:21:00,100 %
2025-09-13 21:21:15,100 %
2025-09-13 21:21:30,100 %
2025-09-13 21:21:45,100 %
2025-09-13 21:22:00,100 %
2025-09-13 21:22:15,100 %
2025-09-13 21:22:30,100 %
2025-09-13 21:22:45,100 %
2025-09-13 21:23:00,100 %
2025-09-13 21:23:15,100 %
2025-09-13 21:23:30,100 %
2025-09-13 21:23:45,100 %
2025-09-13 21:24:00,100 %
2025-09-13 21:24:15,100 %
2025-09-13 21:24:30,100 %
2025-09-13 21:24:45,100 %
2025-09-13 21:25:00,100 %
2025-09-13 21:25:15,100 %
2025-09-13 21:25:30,100 %
2025-09-13 21:25:45,100 %
2025-09-13 21:26:00,100 %
2025-09-13 21:26:15,100 %
2025-09-13 21:26:30,100 %
2025-09-13 21:26:45,100 %
2025-09-13 21:27:00,100 %
2025-09-13 21:27:15,100 %
2025-09-13 21:27:30,100 %
2025-09-13 21:27:45,100 %
2025-09-13 21:28:00,100 %
2025-09-13 21:28:15,100 %
2025-09-13 21:28:30,100 %
2025-09-13 21:28:45,100 %
2025-09-13 21:29:00,100 %
2025-09-13 21:29:15,100 %
2025-09-13 21:29:30,100 %
2025-09-13 21:29:45,100 %
2025-09-13 21:30:00,100 %
2025-09-13 21:30:15,100 %
2025-09-13 21:30:30,100 %
2025-09-13 21:30:45,100 %
2025-09-13 21:31:00,100 %
2025-09-13 21:31:15,100 %
2025-09-13 21:31:30,100 %
2025-09-13 21:31:45,100 %
2025-09-13 21:32:00,100 %
2025-09-13 21:32:15,100 %
2025-09-13 21:32:30,100 %
2025-09-13 21:32:45,100 %
2025-09-13 21:33:00,100 %
2025-09-13 21:33:15,100 %
2025-09-13 21:33:30,100 %
2025-09-13 21:33:45,100 %
2025-09-13 21:34:00,100 %
2025-09-13 21:34:15,100 %
2025-09-13 21:34:30,100 %
2025-09-13 21:34:45,100 %
2025-09-13 21:35:00,100 %
2025-09-13 21:35:15,100 %
2025-09-13 21:35:30,100 %
2025-09-13 21:35:45,100 %
2025-09-13 21:36:00,100 %
2025-09-13 21:36:15,100 %
2025-09-13 21:36:30,100 %
2025-09-13 21:36:45,100 %
2025-09-13 21:37:00,100 %
2025-09-13 21:37:15,100 %
2025-09-13 21:37:30,100 %
2025-09-13 21:37:45,100 %
2025-09-13 21:38:00,100 %
2025-09-13 21:38:15,100 %
2025-09-13 21:38:30,100 %
2025-09-13 21:38:45,100 %
2025-09-13 21:39:00,100 %
2025-09-13 21:39:15,100 %
2025-09-13 21:39:30,100 %
2025-09-13 21:39:45,100 %
2025-09-13 21:40:00,100 %
2025-09-13 21:40:15,100 %
2025-09-13 21:40:30,100 %
2025-09-13 21:40:45,100 %
2025-09-13 21:41:00,100 %
2025-09-13 21:41:15,100 %
2025-09-13 21:41:30,100 %
2025-09-13 21:41:45,100 %
2025-09-13 21:42:00,100 %
2025-09-13 21:42:15,100 %
2025-09-13 21:42:30,100 %
2025-09-13 21:42:45,100 %
2025-09-13 21:43:00,100 %
2025-09-13 21:43:15,100 %
2025-09-13 21:43:30,100 %
2025-09-13 21:43:45,100 %
2025-09-13 21:44:00,100 %
2025-09-13 21:44:15,100 %
2025-09-13 21:44:30,100 %
2025-09-13 21:44:45,100 %
2025-09-13 21:45:00,100 %
2025-09-13 21:45:15,100 %
2025-09-13 21:45:30,100 %
2025-09-13 21:45:45,100 %
2025-09-13 21:46:00,100 %
2025-09-13 21:46:15,100 %
2025-09-13 21:46:30,100 %
2025-09-13 21:46:45,100 %
2025-09-13 21:47:00,100 %
2025-09-13 21:47:15,100 %
2025-09-13 21:47:30,100 %
2025-09-13 21:47:45,100 %
2025-09-13 21:48:00,100 %
2025-09-13 21:48:15,100 %
2025-09-13 21:48:30,100 %
2025-09-13 21:48:45,100 %
2025-09-13 21:49:00,100 %
2025-09-13 21:49:15,100 %
2025-09-13 21:49:30,100 %
2025-09-13 21:49:45,100 %
2025-09-13 21:50:00,100 %
2025-09-13 21:50:15,100 %
2025-09-13 21:50:30,100 %
2025-09-13 21:50:45,100 %
2025-09-13 21:51:00,100 %
2025-09-13 21:51:15,100 %
2025-09-13 21:51:30,100 %
2025-09-13 21:51:45,100 %
2025-09-13 21:52:00,100 %
2025-09-13 21:52:15,100 %
2025-09-13 21:52:30,100 %
2025-09-13 21:52:45,100 %
2025-09-13 21:53:00,100 %
2025-09-13 21:53:15,100 %
2025-09-13 21:53:30,100 %
2025-09-13 21:53:45,100 %
2025-09-13 21:54:00,100 %
2025-09-13 21:54:15,100 %
2025-09-13 21:54:30,100 %
2025-09-13 21:54:45,100 %
2025-09-13 21:55:00,100 %
2025-09-13 21:55:15,100 %
2025-09-13 21:55:30,100 %
2025-09-13 21:55:45,100 %
2025-09-13 21:56:00,100 %
2025-09-13 21:56:15,100 %
2025-09-13 21:56:30,100 %
2025-09-13 21:56:45,100 %
2025-09-13 21:57:00,100 %
2025-09-13 21:57:15,100 %
2025-09-13 21:57:30,100 %
2025-09-13 21:57:45,100 %
2025-09-13 21:58:00,100 %
2025-09-13 21:58:15,100 %
2025-09-13 21:58:30,100 %
2025-09-13 21:58:45,100 %
2025-09-13 21:59:00,100 %
2025-09-13 21:59:15,100 %
2025-09-13 21:59:30,100 %
2025-09-13 21:59:45,100 %
2025-09-13 22:00:00,100 %
2025-09-13 22:00:15,100 %
2025-09-13 22:00:30,100 %
2025-09-13 22:00:45,100 %
2025-09-13 22:01:00,100 %
2025-09-13 22:01:15,100 %
2025-09-13 22:01:30,100 %
2025-09-13 22:01:45,100 %
2025-09-13 22:02:00,100 %
2025-09-13 22:02:15,100 %
2025-09-13 22:02:30,100 %
2025-09-13 22:02:45,100 %
2025-09-13 22:03:00,100 %
2025-09-13 22:03:15,100 %
2025-09-13 22:03:30,100 %
2025-09-13 22:03:45,100 %
2025-09-13 22:04:00,100 %
2025-09-13 22:04:15,100 %
2025-09-13 22:04:30,100 %
2025-09-13 22:04:45,100 %
2025-09-13 22:05:00,100 %
2025-09-13 22:05:15,100 %
2025-09-13 22:05:30,100 %
2025-09-13 22:05:45,100 %
2025-09-13 22:06:00,100 %
2025-09-13 22:06:15,100 %
2025-09-13 22:06:30,100 %
2025-09-13 22:06:45,100 %
2025-09-13 22:07:00,100 %
2025-09-13 22:07:15,100 %
2025-09-13 22:07:30,100 %
2025-09-13 22:07:45,100 %
2025-09-13 22:08:00,100 %
2025-09-13 22:08:15,100 %
2025-09-13 22:08:30,100 %
2025-09-13 22:08:45,100 %
2025-09-13 22:09:00,100 %
2025-09-13 22:09:15,100 %
2025-09-13 22:09:30,100 %
2025-09-13 22:09:45,100 %
2025-09-13 22:10:00,100 %
2025-09-13 22:10:15,100 %
2025-09-13 22:10:30,100 %
2025-09-13 22:10:45,100 %
2025-09-13 22:11:00,100 %
2025-09-13 22:11:15,100 %
2025-09-13 22:11:30,100 %
2025-09-13 22:11:45,100 %
2025-09-13 22:12:00,100 %
2025-09-13 22:12:15,100 %
2025-09-13 22:12:30,100 %
2025-09-13 22:12:45,100 %
2025-09-13 22:13:00,100 %
2025-09-13 22:13:15,98.3 %
2025-09-13 22:13:30,97.7 %
2025-09-13 22:13:45,99 %
2025-09-13 22:14:00,99.3 %
2025-09-13 22:14:15,99.7 %
2025-09-13 22:14:30,99.7 %
2025-09-13 22:14:45,99.7 %
2025-09-13 22:15:00,99.7 %
2025-09-13 22:15:15,99.6 %
2025-09-13 22:15:30,99.3 %
2025-09-13 22:15:45,99.3 %
2025-09-13 22:16:00,99.3 %
2025-09-13 22:16:15,99.3 %
2025-09-13 22:16:30,99.3 %
2025-09-13 22:16:45,99.3 %
2025-09-13 22:17:00,99.3 %
2025-09-13 22:17:15,99.3 %
2025-09-13 22:17:30,99.3 %
2025-09-13 22:17:45,99.3 %
2025-09-13 22:18:00,99.3 %
2025-09-13 22:18:15,99.3 %
2025-09-13 22:18:30,99.3 %
2025-09-13 22:18:45,99.3 %
2025-09-13 22:19:00,99.3 %
2025-09-13 22:19:15,99.3 %
2025-09-13 22:19:30,99.3 %
2025-09-13 22:19:45,99.3 %
2025-09-13 22:20:00,99.3 %
2025-09-13 22:20:15,99.3 %
2025-09-13 22:20:30,99.3 %
2025-09-13 22:20:45,99.3 %
2025-09-13 22:21:00,99.3 %
2025-09-13 22:21:15,99.3 %
2025-09-13 22:21:30,99.3 %
2025-09-13 22:21:45,99.3 %
2025-09-13 22:22:00,99.3 %
2025-09-13 22:22:15,99.3 %
2025-09-13 22:22:30,99.3 %
2025-09-13 22:22:45,99.3 %
2025-09-13 22:23:00,99.3 %
2025-09-13 22:23:15,99.3 %
2025-09-13 22:23:30,99.3 %
2025-09-13 22:23:45,99.3 %
2025-09-13 22:24:00,99.3 %
2025-09-13 22:24:15,99.3 %
2025-09-13 22:24:30,99.3 %
2025-09-13 22:24:45,99.3 %
2025-09-13 22:25:00,99.3 %
2025-09-13 22:25:15,99.3 %
2025-09-13 22:25:30,99.3 %
2025-09-13 22:25:45,99.3 %
2025-09-13 22:26:00,99.3 %
2025-09-13 22:26:15,99.3 %
2025-09-13 22:26:30,99.3 %
2025-09-13 22:26:45,99.3 %
2025-09-13 22:27:00,99.3 %
2025-09-13 22:27:15,99.3 %
2025-09-13 22:27:30,99.3 %
2025-09-13 22:27:45,99.3 %
2025-09-13 22:28:00,99.3 %
2025-09-13 22:28:15,99.3 %
2025-09-13 22:28:30,99.3 %
2025-09-13 22:28:45,99.3 %
2025-09-13 22:29:00,99.3 %
2025-09-13 22:29:15,99.3 %
2025-09-13 22:29:30,99.3 %
2025-09-13 22:29:45,99.3 %
2025-09-13 22:30:00,99.3 %
2025-09-13 22:30:15,99.3 %
2025-09-13 22:30:30,99.3 %
2025-09-13 22:30:45,99.3 %
2025-09-13 22:31:00,99.3 %
2025-09-13 22:31:15,99.3 %
2025-09-13 22:31:30,99.3 %
2025-09-13 22:31:45,99.3 %
2025-09-13 22:32:00,99.3 %
2025-09-13 22:32:15,99.3 %
2025-09-13 22:32:30,99.3 %
2025-09-13 22:32:45,99.3 %
2025-09-13 22:33:00,99.3 %
2025-09-13 22:33:15,99.3 %
2025-09-13 22:33:30,99.3 %
2025-09-13 22:33:45,99.3 %
2025-09-13 22:34:00,99.3 %
2025-09-13 22:34:15,99.3 %
2025-09-13 22:34:30,99.6 %
2025-09-13 22:34:45,99.6 %
2025-09-13 22:35:00,99.6 %
2025-09-13 22:35:15,99.6 %
2025-09-13 22:35:30,99.7 %
2025-09-13 22:35:45,99.7 %
2025-09-13 22:36:00,97.3 %
2025-09-13 22:36:15,97 %
2025-09-13 22:36:30,94.7 %
2025-09-13 22:36:45,95.3 %
2025-09-13 22:37:00,97.7 %
2025-09-13 22:37:15,98.7 %
2025-09-13 22:37:30,99.0 %
2025-09-13 22:37:45,99.0 %
2025-09-13 22:38:00,99.0 %
2025-09-13 22:38:15,99.1 %
2025-09-13 22:38:30,98.7 %
2025-09-13 22:38:45,98.7 %
2025-09-13 22:39:00,98.7 %
2025-09-13 22:39:15,98 %
2025-09-13 22:39:30,98 %
2025-09-13 22:39:45,98 %
2025-09-13 22:40:00,98 %
2025-09-13 22:40:15,98 %
2025-09-13 22:40:30,98 %
2025-09-13 22:40:45,98 %
2025-09-13 22:41:00,98 %
2025-09-13 22:41:15,98 %
2025-09-13 22:41:30,98.8 %
2025-09-13 22:41:45,99.0 %
2025-09-13 22:42:00,99 %
2025-09-13 22:42:15,99 %
2025-09-13 22:42:30,99 %
2025-09-13 22:42:45,99 %
2025-09-13 22:43:00,99 %
2025-09-13 22:43:15,99 %
2025-09-13 22:43:30,99 %
2025-09-13 22:43:45,99 %
2025-09-13 22:44:00,99 %
2025-09-13 22:44:15,99.0 %
2025-09-13 22:44:30,99.0 %
2025-09-13 22:44:45,99.3 %
2025-09-13 22:45:00,100 %
2025-09-13 22:45:15,100 %
2025-09-13 22:45:30,100 %
2025-09-13 22:45:45,100 %
2025-09-13 22:46:00,100 %
2025-09-13 22:46:15,100 %
2025-09-13 22:46:30,100 %
2025-09-13 22:46:45,100 %
2025-09-13 22:47:00,100 %
2025-09-13 22:47:15,100 %
2025-09-13 22:47:30,100 %
2025-09-13 22:47:45,100 %
2025-09-13 22:48:00,100 %
2025-09-13 22:48:15,100 %
2025-09-13 22:48:30,100 %
2025-09-13 22:48:45,100 %
2025-09-13 22:49:00,100 %
2025-09-13 22:49:15,100 %
2025-09-13 22:49:30,100 %
2025-09-13 22:49:45,100 %
2025-09-13 22:50:00,100 %
2025-09-13 22:50:15,100 %
2025-09-13 22:50:30,100 %
2025-09-13 22:50:45,100 %
2025-09-13 22:51:00,100 %
2025-09-13 22:51:15,100 %
2025-09-13 22:51:30,100 %
2025-09-13 22:51:45,100 %
2025-09-13 22:52:00,100 %
2025-09-13 22:52:15,100 %
2025-09-13 22:52:30,100 %
2025-09-13 22:52:45,100 %
2025-09-13 22:53:00,100 %
2025-09-13 22:53:15,100 %
2025-09-13 22:53:30,100 %
2025-09-13 22:53:45,100 %
2025-09-13 22:54:00,100 %
2025-09-13 22:54:15,100 %
2025-09-13 22:54:30,100 %
2025-09-13 22:54:45,100 %
2025-09-13 22:55:00,100 %
2025-09-13 22:55:15,100 %
2025-09-13 22:55:30,100 %
2025-09-13 22:55:45,100 %
2025-09-13 22:56:00,100 %
2025-09-13 22:56:15,100 %
2025-09-13 22:56:30,100 %
2025-09-13 22:56:45,100 %
2025-09-13 22:57:00,100 %
2025-09-13 22:57:15,100 %
2025-09-13 22:57:30,100 %
2025-09-13 22:57:45,100 %
2025-09-13 22:58:00,100 %
2025-09-13 22:58:15,100 %
2025-09-13 22:58:30,100 %
2025-09-13 22:58:45,100 %
2025-09-13 22:59:00,100 %
2025-09-13 22:59:15,100 %
2025-09-13 22:59:30,100 %
2025-09-13 22:59:45,100 %
2025-09-13 23:00:00,100 %
2025-09-13 23:00:15,100 %
2025-09-13 23:00:30,100 %
2025-09-13 23:00:45,100 %
2025-09-13 23:01:00,100 %
2025-09-13 23:01:15,100 %
2025-09-13 23:01:30,100 %
2025-09-13 23:01:45,100 %
2025-09-13 23:02:00,100 %
2025-09-13 23:02:15,100 %
2025-09-13 23:02:30,100 %
2025-09-13 23:02:45,100 %
2025-09-13 23:03:00,100 %
2025-09-13 23:03:15,100 %
2025-09-13 23:03:30,100 %
2025-09-13 23:03:45,100 %
2025-09-13 23:04:00,100 %
2025-09-13 23:04:15,100 %
2025-09-13 23:04:30,100 %
2025-09-13 23:04:45,100 %
2025-09-13 23:05:00,100 %
2025-09-13 23:05:15,100 %
2025-09-13 23:05:30,100 %
2025-09-13 23:05:45,100 %
2025-09-13 23:06:00,100 %
2025-09-13 23:06:15,100 %
2025-09-13 23:06:30,100 %
2025-09-13 23:06:45,100 %
2025-09-13 23:07:00,100 %
2025-09-13 23:07:15,100 %
2025-09-13 23:07:30,100 %
2025-09-13 23:07:45,100 %
2025-09-13 23:08:00,100 %
2025-09-13 23:08:15,100 %
2025-09-13 23:08:30,100 %
2025-09-13 23:08:45,100 %
2025-09-13 23:09:00,100 %
2025-09-13 23:09:15,100 %
2025-09-13 23:09:30,100 %
2025-09-13 23:09:45,100 %
2025-09-13 23:10:00,100 %
2025-09-13 23:10:15,100 %
2025-09-13 23:10:30,100 %
2025-09-13 23:10:45,100 %
2025-09-13 23:11:00,100 %
2025-09-13 23:11:15,100 %
2025-09-13 23:11:30,100 %
2025-09-13 23:11:45,100 %
2025-09-13 23:12:00,100 %
2025-09-13 23:12:15,100 %
2025-09-13 23:12:30,100 %
2025-09-13 23:12:45,100 %
2025-09-13 23:13:00,100 %
2025-09-13 23:13:15,100 %
2025-09-13 23:13:30,100 %
2025-09-13 23:13:45,100 %
2025-09-13 23:14:00,100 %
2025-09-13 23:14:15,100 %
2025-09-13 23:14:30,100 %
2025-09-13 23:14:45,100 %
2025-09-13 23:15:00,100 %
2025-09-13 23:15:15,100 %
2025-09-13 23:15:30,100 %
2025-09-13 23:15:45,100 %
2025-09-13 23:16:00,100 %
2025-09-13 23:16:15,100 %
2025-09-13 23:16:30,100 %
2025-09-13 23:16:45,100 %
2025-09-13 23:17:00,100 %
2025-09-13 23:17:15,100 %
2025-09-13 23:17:30,100 %
2025-09-13 23:17:45,100 %
2025-09-13 23:18:00,100 %
2025-09-13 23:18:15,100 %
2025-09-13 23:18:30,100 %
2025-09-13 23:18:45,100 %
2025-09-13 23:19:00,100 %
2025-09-13 23:19:15,100 %
2025-09-13 23:19:30,100 %
2025-09-13 23:19:45,100 %
2025-09-13 23:20:00,100 %
2025-09-13 23:20:15,100 %
2025-09-13 23:20:30,100 %
2025-09-13 23:20:45,100 %
2025-09-13 23:21:00,100 %
2025-09-13 23:21:15,100 %
2025-09-13 23:21:30,100 %
2025-09-13 23:21:45,100 %
2025-09-13 23:22:00,100 %
2025-09-13 23:22:15,100 %
2025-09-13 23:22:30,100 %
2025-09-13 23:22:45,100 %
2025-09-13 23:23:00,100 %
2025-09-13 23:23:15,100 %
2025-09-13 23:23:30,100 %
2025-09-13 23:23:45,100 %
2025-09-13 23:24:00,100 %
2025-09-13 23:24:15,100 %
2025-09-13 23:24:30,100 %
2025-09-13 23:24:45,100 %
2025-09-13 23:25:00,100 %
2025-09-13 23:25:15,100 %
2025-09-13 23:25:30,100 %
2025-09-13 23:25:45,100 %
2025-09-13 23:26:00,100 %
2025-09-13 23:26:15,100 %
2025-09-13 23:26:30,100 %
2025-09-13 23:26:45,100 %
2025-09-13 23:27:00,100 %
2025-09-13 23:27:15,100 %
2025-09-13 23:27:30,100 %
2025-09-13 23:27:45,100 %
2025-09-13 23:28:00,100 %
2025-09-13 23:28:15,100 %
2025-09-13 23:28:30,100 %
2025-09-13 23:28:45,100 %
2025-09-13 23:29:00,100 %
2025-09-13 23:29:15,100 %
2025-09-13 23:29:30,100 %
2025-09-13 23:29:45,100 %
2025-09-13 23:30:00,100 %
2025-09-13 23:30:15,100 %
2025-09-13 23:30:30,100 %
2025-09-13 23:30:45,100 %
2025-09-13 23:31:00,100 %
2025-09-13 23:31:15,100 %
2025-09-13 23:31:30,100 %
2025-09-13 23:31:45,100 %
2025-09-13 23:32:00,100 %
2025-09-13 23:32:15,100 %
2025-09-13 23:32:30,100 %
2025-09-13 23:32:45,100 %
2025-09-13 23:33:00,100 %
2025-09-13 23:33:15,100 %
2025-09-13 23:33:30,100 %
2025-09-13 23:33:45,100 %
2025-09-13 23:34:00,100 %
2025-09-13 23:34:15,100 %
2025-09-13 23:34:30,100 %
2025-09-13 23:34:45,100 %
2025-09-13 23:35:00,100 %
2025-09-13 23:35:15,100 %
2025-09-13 23:35:30,100 %
2025-09-13 23:35:45,100 %
2025-09-13 23:36:00,100 %
2025-09-13 23:36:15,100 %
2025-09-13 23:36:30,100 %
2025-09-13 23:36:45,100 %
2025-09-13 23:37:00,100 %
2025-09-13 23:37:15,100 %
2025-09-13 23:37:30,100 %
2025-09-13 23:37:45,100 %
2025-09-13 23:38:00,100 %
2025-09-13 23:38:15,100 %
2025-09-13 23:38:30,100 %
2025-09-13 23:38:45,100 %
2025-09-13 23:39:00,100 %
2025-09-13 23:39:15,100 %
2025-09-13 23:39:30,100 %
2025-09-13 23:39:45,100 %
2025-09-13 23:40:00,100 %
2025-09-13 23:40:15,100 %
2025-09-13 23:40:30,100 %
2025-09-13 23:40:45,100 %
2025-09-13 23:41:00,100 %
2025-09-13 23:41:15,100 %
2025-09-13 23:41:30,100 %
2025-09-13 23:41:45,100 %
2025-09-13 23:42:00,100 %
2025-09-13 23:42:15,100 %
2025-09-13 23:42:30,100 %
2025-09-13 23:42:45,100 %
2025-09-13 23:43:00,100 %
2025-09-13 23:43:15,100 %
2025-09-13 23:43:30,100 %
2025-09-13 23:43:45,100 %
2025-09-13 23:44:00,100 %
2025-09-13 23:44:15,100 %
2025-09-13 23:44:30,100 %
2025-09-13 23:44:45,100 %
2025-09-13 23:45:00,100 %
2025-09-13 23:45:15,100 %
2025-09-13 23:45:30,100 %
2025-09-13 23:45:45,100 %
2025-09-13 23:46:00,100 %
2025-09-13 23:46:15,100 %
2025-09-13 23:46:30,100 %
2025-09-13 23:46:45,100 %
2025-09-13 23:47:00,100 %
2025-09-13 23:47:15,100 %
2025-09-13 23:47:30,100 %
2025-09-13 23:47:45,100 %
2025-09-13 23:48:00,100 %
2025-09-13 23:48:15,100 %
2025-09-13 23:48:30,100 %
2025-09-13 23:48:45,100 %
2025-09-13 23:49:00,100 %
2025-09-13 23:49:15,100 %
2025-09-13 23:49:30,100 %
2025-09-13 23:49:45,100 %
2025-09-13 23:50:00,100 %
2025-09-13 23:50:15,100 %
2025-09-13 23:50:30,100 %
2025-09-13 23:50:45,100 %
2025-09-13 23:51:00,100 %
2025-09-13 23:51:15,100 %
2025-09-13 23:51:30,100 %
2025-09-13 23:51:45,100 %
2025-09-13 23:52:00,100 %
2025-09-13 23:52:15,100 %
2025-09-13 23:52:30,100 %
2025-09-13 23:52:45,100 %
2025-09-13 23:53:00,100 %
2025-09-13 23:53:15,100 %
2025-09-13 23:53:30,100 %
2025-09-13 23:53:45,100 %
2025-09-13 23:54:00,100 %
2025-09-13 23:54:15,100 %
2025-09-13 23:54:30,100 %
2025-09-13 23:54:45,100 %
2025-09-13 23:55:00,100 %
2025-09-13 23:55:15,100 %
2025-09-13 23:55:30,100 %
2025-09-13 23:55:45,100 %
2025-09-13 23:56:00,100 %
2025-09-13 23:56:15,100 %
2025-09-13 23:56:30,100 %
2025-09-13 23:56:45,100 %
2025-09-13 23:57:00,100 %
2025-09-13 23:57:15,100 %
2025-09-13 23:57:30,100 %
2025-09-13 23:57:45,100 %
2025-09-13 23:58:00,100 %
2025-09-13 23:58:15,100 %
2025-09-13 23:58:30,100 %
2025-09-13 23:58:45,100 %
2025-09-13 23:59:00,100 %
2025-09-13 23:59:15,100 %
2025-09-13 23:59:30,100 %
2025-09-13 23:59:45,100 %
2025-09-14 00:00:00,100 %
2025-09-14 00:00:15,100 %
2025-09-14 00:00:30,100 %
2025-09-14 00:00:45,100 %
2025-09-14 00:01:00,100 %
2025-09-14 00:01:15,100 %
2025-09-14 00:01:30,100 %
2025-09-14 00:01:45,100 %
2025-09-14 00:02:00,100 %
2025-09-14 00:02:15,100 %
2025-09-14 00:02:30,100 %
2025-09-14 00:02:45,100 %
2025-09-14 00:03:00,100 %
2025-09-14 00:03:15,100 %
2025-09-14 00:03:30,100 %
2025-09-14 00:03:45,100 %
2025-09-14 00:04:00,100 %
2025-09-14 00:04:15,100 %
2025-09-14 00:04:30,100 %
2025-09-14 00:04:45,100 %
2025-09-14 00:05:00,100 %
2025-09-14 00:05:15,100 %
2025-09-14 00:05:30,100 %
2025-09-14 00:05:45,100 %
2025-09-14 00:06:00,100 %
2025-09-14 00:06:15,100 %
2025-09-14 00:06:30,100 %
2025-09-14 00:06:45,100 %
2025-09-14 00:07:00,100 %
2025-09-14 00:07:15,100 %
2025-09-14 00:07:30,100 %
2025-09-14 00:07:45,100 %
2025-09-14 00:08:00,100 %
2025-09-14 00:08:15,100 %
2025-09-14 00:08:30,100 %
2025-09-14 00:08:45,100 %
2025-09-14 00:09:00,100 %
2025-09-14 00:09:15,100 %
2025-09-14 00:09:30,100 %
2025-09-14 00:09:45,100 %
2025-09-14 00:10:00,100 %
2025-09-14 00:10:15,100 %
2025-09-14 00:10:30,100 %
2025-09-14 00:10:45,100 %
2025-09-14 00:11:00,100 %
2025-09-14 00:11:15,100 %
2025-09-14 00:11:30,100 %
2025-09-14 00:11:45,100 %
2025-09-14 00:12:00,100 %
2025-09-14 00:12:15,100 %
2025-09-14 00:12:30,100 %
2025-09-14 00:12:45,100 %
2025-09-14 00:13:00,100 %
2025-09-14 00:13:15,100 %
2025-09-14 00:13:30,100 %
2025-09-14 00:13:45,100 %
2025-09-14 00:14:00,100 %
2025-09-14 00:14:15,100 %
2025-09-14 00:14:30,100 %
2025-09-14 00:14:45,100 %
2025-09-14 00:15:00,100 %
2025-09-14 00:15:15,100 %
2025-09-14 00:15:30,100 %
2025-09-14 00:15:45,100 %
2025-09-14 00:16:00,100 %
2025-09-14 00:16:15,100 %
2025-09-14 00:16:30,100 %
2025-09-14 00:16:45,100 %
2025-09-14 00:17:00,100 %
2025-09-14 00:17:15,100 %
2025-09-14 00:17:30,100 %
2025-09-14 00:17:45,100 %
2025-09-14 00:18:00,100 %
2025-09-14 00:18:15,100 %
2025-09-14 00:18:30,100 %
2025-09-14 00:18:45,100 %
2025-09-14 00:19:00,100 %
2025-09-14 00:19:15,100 %
2025-09-14 00:19:30,100 %
2025-09-14 00:19:45,100 %
2025-09-14 00:20:00,100 %
2025-09-14 00:20:15,100 %
2025-09-14 00:20:30,100 %
2025-09-14 00:20:45,100 %
2025-09-14 00:21:00,100 %
2025-09-14 00:21:15,100 %
2025-09-14 00:21:30,100 %
2025-09-14 00:21:45,100 %
2025-09-14 00:22:00,100 %
2025-09-14 00:22:15,100 %
2025-09-14 00:22:30,100 %
2025-09-14 00:22:45,100 %
2025-09-14 00:23:00,100 %
2025-09-14 00:23:15,100 %
2025-09-14 00:23:30,100 %
2025-09-14 00:23:45,100 %
2025-09-14 00:24:00,100 %
2025-09-14 00:24:15,100 %
2025-09-14 00:24:30,100 %
2025-09-14 00:24:45,100 %
2025-09-14 00:25:00,100 %
2025-09-14 00:25:15,100 %
2025-09-14 00:25:30,100 %
2025-09-14 00:25:45,100 %
2025-09-14 00:26:00,100 %
2025-09-14 00:26:15,100 %
2025-09-14 00:26:30,100 %
2025-09-14 00:26:45,100 %
2025-09-14 00:27:00,100 %
2025-09-14 00:27:15,97.5 %
2025-09-14 00:27:30,90 %
2025-09-14 00:27:45,95.4 %
2025-09-14 00:28:00,95.7 %
2025-09-14 00:28:15,96 %
2025-09-14 00:28:30,96 %
2025-09-14 00:28:45,96 %
2025-09-14 00:29:00,96 %
2025-09-14 00:29:15,96 %
2025-09-14 00:29:30,96 %
2025-09-14 00:29:45,95.3 %
2025-09-14 00:30:00,95.3 %
2025-09-14 00:30:15,95.3 %
2025-09-14 00:30:30,95.3 %
2025-09-14 00:30:45,95.3 %
2025-09-14 00:31:00,95.3 %
2025-09-14 00:31:15,95.3 %
2025-09-14 00:31:30,95.3 %
2025-09-14 00:31:45,95.3 %
2025-09-14 00:32:00,95.3 %
2025-09-14 00:32:15,97.1 %
2025-09-14 00:32:30,97.1 %
2025-09-14 00:32:45,97.1 %
2025-09-14 00:33:00,99.2 %
2025-09-14 00:33:15,99.2 %
2025-09-14 00:33:30,99.1 %
2025-09-14 00:33:45,99.1 %
2025-09-14 00:34:00,99.1 %
2025-09-14 00:34:15,99.1 %
2025-09-14 00:34:30,99.1 %
2025-09-14 00:34:45,99.1 %
2025-09-14 00:35:00,100 %
2025-09-14 00:35:15,100 %
2025-09-14 00:35:30,100 %
2025-09-14 00:35:45,100 %
2025-09-14 00:36:00,100 %
2025-09-14 00:36:15,100 %
2025-09-14 00:36:30,100 %
2025-09-14 00:36:45,100 %
2025-09-14 00:37:00,100 %
2025-09-14 00:37:15,100 %
2025-09-14 00:37:30,98.2 %
2025-09-14 00:37:45,98.2 %
2025-09-14 00:38:00,97.3 %
2025-09-14 00:38:15,97.3 %
2025-09-14 00:38:30,97.3 %
2025-09-14 00:38:45,97.3 %
2025-09-14 00:39:00,97.3 %
2025-09-14 00:39:15,97.3 %
2025-09-14 00:39:30,97.3 %
2025-09-14 00:39:45,97.3 %
2025-09-14 00:40:00,97.3 %
2025-09-14 00:40:15,97.3 %
2025-09-14 00:40:30,98.2 %
2025-09-14 00:40:45,98.3 %
2025-09-14 00:41:00,98.4 %
2025-09-14 00:41:15,98.4 %
2025-09-14 00:41:30,98.6 %
2025-09-14 00:41:45,98.6 %
2025-09-14 00:42:00,98.6 %
2025-09-14 00:42:15,98.1 %
2025-09-14 00:42:30,98.6 %
2025-09-14 00:42:45,98.6 %
2025-09-14 00:43:00,98.6 %
2025-09-14 00:43:15,100 %
2025-09-14 00:43:30,100 %
2025-09-14 00:43:45,100 %
2025-09-14 00:44:00,100 %
2025-09-14 00:44:15,94.1 %
2025-09-14 00:44:30,90.9 %
2025-09-14 00:44:45,90.9 %
2025-09-14 00:45:00,90.9 %
2025-09-14 00:45:15,90.9 %
2025-09-14 00:45:30,90.9 %
2025-09-14 00:45:45,90.9 %
2025-09-14 00:46:00,90.9 %
2025-09-14 00:46:15,90.9 %
2025-09-14 00:46:30,90.9 %
2025-09-14 00:46:45,90.9 %
2025-09-14 00:47:00,90.9 %
2025-09-14 00:47:15,90.9 %
2025-09-14 00:47:30,94.7 %
2025-09-14 00:47:45,95.2 %
2025-09-14 00:48:00,95.2 %
2025-09-14 00:48:15,95.2 %
2025-09-14 00:48:30,95.2 %
2025-09-14 00:48:45,95.2 %
2025-09-14 00:49:00,95.2 %
2025-09-14 00:49:15,95.2 %
2025-09-14 00:49:30,95.2 %
2025-09-14 00:49:45,95.2 %
2025-09-14 00:50:00,100 %
2025-09-14 00:50:15,100 %
2025-09-14 00:50:30,100 %
2025-09-14 00:50:45,100 %
2025-09-14 00:51:00,100 %
2025-09-14 00:51:15,100 %
2025-09-14 00:51:30,100 %
2025-09-14 00:51:45,100 %
2025-09-14 00:52:00,100 %
2025-09-14 00:52:15,100 %
2025-09-14 00:52:30,100 %
2025-09-14 00:52:45,100 %
2025-09-14 00:53:00,100 %
2025-09-14 00:53:15,100 %
2025-09-14 00:53:30,100 %
2025-09-14 00:53:45,100 %
2025-09-14 00:54:00,100 %
2025-09-14 00:54:15,100 %
2025-09-14 00:54:30,100 %
2025-09-14 00:54:45,100 %
2025-09-14 00:55:00,100 %
2025-09-14 00:55:15,100 %
2025-09-14 00:55:30,100 %
2025-09-14 00:55:45,100 %
2025-09-14 00:56:00,100 %
2025-09-14 00:56:15,100 %
2025-09-14 00:56:30,100 %
2025-09-14 00:56:45,100 %
2025-09-14 00:57:00,100 %
2025-09-14 00:57:15,100 %
2025-09-14 00:57:30,100 %
2025-09-14 00:57:45,100 %
2025-09-14 00:58:00,100 %
2025-09-14 00:58:15,100 %
2025-09-14 00:58:30,100 %
2025-09-14 00:58:45,100 %
2025-09-14 00:59:00,100 %
2025-09-14 00:59:15,100 %
2025-09-14 00:59:30,100 %
2025-09-14 00:59:45,100 %
2025-09-14 01:00:00,100 %
2025-09-14 01:00:15,100 %
2025-09-14 01:00:30,100 %
2025-09-14 01:00:45,100 %
2025-09-14 01:01:00,100 %
2025-09-14 01:01:15,100 %
2025-09-14 01:01:30,100 %
2025-09-14 01:01:45,100 %
2025-09-14 01:02:00,100 %
2025-09-14 01:02:15,100 %
2025-09-14 01:02:30,100 %
2025-09-14 01:02:45,100 %
2025-09-14 01:03:00,100 %
2025-09-14 01:03:15,100 %
2025-09-14 01:03:30,100 %
2025-09-14 01:03:45,100 %
2025-09-14 01:04:00,100 %
2025-09-14 01:04:15,100 %
2025-09-14 01:04:30,100 %
2025-09-14 01:04:45,100 %
2025-09-14 01:05:00,100 %
2025-09-14 01:05:15,100 %
2025-09-14 01:05:30,100 %
2025-09-14 01:05:45,100 %
2025-09-14 01:06:00,100 %
2025-09-14 01:06:15,100 %
2025-09-14 01:06:30,100 %
2025-09-14 01:06:45,100 %
2025-09-14 01:07:00,100 %
2025-09-14 01:07:15,100 %
2025-09-14 01:07:30,100 %
2025-09-14 01:07:45,100 %
2025-09-14 01:08:00,100 %
2025-09-14 01:08:15,100 %
2025-09-14 01:08:30,100 %
2025-09-14 01:08:45,100 %
2025-09-14 01:09:00,100 %
2025-09-14 01:09:15,100 %
2025-09-14 01:09:30,100 %
2025-09-14 01:09:45,100 %
2025-09-14 01:10:00,100 %
2025-09-14 01:10:15,100 %
2025-09-14 01:10:30,100 %
2025-09-14 01:10:45,100 %
2025-09-14 01:11:00,100 %
2025-09-14 01:11:15,100 %
2025-09-14 01:11:30,100 %
2025-09-14 01:11:45,100 %
2025-09-14 01:12:00,100 %
2025-09-14 01:12:15,100 %
2025-09-14 01:12:30,100 %
2025-09-14 01:12:45,100 %
2025-09-14 01:13:00,100 %
2025-09-14 01:13:15,100 %
2025-09-14 01:13:30,100 %
2025-09-14 01:13:45,100 %
2025-09-14 01:14:00,100 %
2025-09-14 01:14:15,100 %
2025-09-14 01:14:30,100 %
2025-09-14 01:14:45,100 %
2025-09-14 01:15:00,100 %
2025-09-14 01:15:15,100 %
2025-09-14 01:15:30,100 %
2025-09-14 01:15:45,100 %
2025-09-14 01:16:00,100 %
2025-09-14 01:16:15,100 %
2025-09-14 01:16:30,100 %
2025-09-14 01:16:45,100 %
2025-09-14 01:17:00,100 %
2025-09-14 01:17:15,100 %
2025-09-14 01:17:30,100 %
2025-09-14 01:17:45,100 %
2025-09-14 01:18:00,100 %
2025-09-14 01:18:15,100 %
2025-09-14 01:18:30,100 %
2025-09-14 01:18:45,100 %
2025-09-14 01:19:00,100 %
2025-09-14 01:19:15,100 %
2025-09-14 01:19:30,100 %
2025-09-14 01:19:45,100 %
2025-09-14 01:20:00,100 %
2025-09-14 01:20:15,100 %
2025-09-14 01:20:30,100 %
2025-09-14 01:20:45,100 %
2025-09-14 01:21:00,100 %
2025-09-14 01:21:15,100 %
2025-09-14 01:21:30,100 %
2025-09-14 01:21:45,100 %
2025-09-14 01:22:00,100 %
2025-09-14 01:22:15,100 %
2025-09-14 01:22:30,100 %
2025-09-14 01:22:45,100 %
2025-09-14 01:23:00,100 %
2025-09-14 01:23:15,95.5 %
2025-09-14 01:23:30,95.5 %
2025-09-14 01:23:45,95.5 %
2025-09-14 01:24:00,94.5 %
2025-09-14 01:24:15,94.5 %
2025-09-14 01:24:30,94.5 %
2025-09-14 01:24:45,94.5 %
2025-09-14 01:25:00,95 %
2025-09-14 01:25:15,95 %
2025-09-14 01:25:30,95 %
2025-09-14 01:25:45,95.4 %
2025-09-14 01:26:00,95.4 %
2025-09-14 01:26:15,95.4 %
2025-09-14 01:26:30,95.7 %
2025-09-14 01:26:45,95.7 %
2025-09-14 01:27:00,95.7 %
2025-09-14 01:27:15,96 %
2025-09-14 01:27:30,97.3 %
2025-09-14 01:27:45,98 %
2025-09-14 01:28:00,98 %
2025-09-14 01:28:15,98 %
2025-09-14 01:28:30,98 %
2025-09-14 01:28:45,98 %
2025-09-14 01:29:00,97.3 %
2025-09-14 01:29:15,97.3 %
2025-09-14 01:29:30,96 %
2025-09-14 01:29:45,95.3 %
2025-09-14 01:30:00,95.3 %
2025-09-14 01:30:15,95.3 %
2025-09-14 01:30:30,95.3 %
2025-09-14 01:30:45,94.7 %
2025-09-14 01:31:00,94.7 %
2025-09-14 01:31:15,94 %
2025-09-14 01:31:30,94 %
2025-09-14 01:31:45,94 %
2025-09-14 01:32:00,94 %
2025-09-14 01:32:15,94 %
2025-09-14 01:32:30,94 %
2025-09-14 01:32:45,94 %
2025-09-14 01:33:00,94 %
2025-09-14 01:33:15,94 %
2025-09-14 01:33:30,94 %
2025-09-14 01:33:45,94 %
2025-09-14 01:34:00,94 %
2025-09-14 01:34:15,94 %
2025-09-14 01:34:30,94 %
2025-09-14 01:34:45,94 %
2025-09-14 01:35:00,94 %
2025-09-14 01:35:15,94 %
2025-09-14 01:35:30,94 %
2025-09-14 01:35:45,94 %
2025-09-14 01:36:00,94 %
2025-09-14 01:36:15,94 %
2025-09-14 01:36:30,94 %
2025-09-14 01:36:45,93.3 %
2025-09-14 01:37:00,93.3 %
2025-09-14 01:37:15,93.3 %
2025-09-14 01:37:30,93.3 %
2025-09-14 01:37:45,93.3 %
2025-09-14 01:38:00,92.7 %
2025-09-14 01:38:15,92.7 %
2025-09-14 01:38:30,93.3 %
2025-09-14 01:38:45,93.3 %
2025-09-14 01:39:00,93.3 %
2025-09-14 01:39:15,93.3 %
2025-09-14 01:39:30,93.3 %
2025-09-14 01:39:45,93.3 %
2025-09-14 01:40:00,92.7 %
2025-09-14 01:40:15,92.7 %
2025-09-14 01:40:30,92.7 %
2025-09-14 01:40:45,92 %
2025-09-14 01:41:00,92 %
2025-09-14 01:41:15,92 %
2025-09-14 01:41:30,91.3 %
2025-09-14 01:41:45,91.3 %
2025-09-14 01:42:00,91.3 %
2025-09-14 01:42:15,91.3 %
2025-09-14 01:42:30,91.3 %
2025-09-14 01:42:45,91.3 %
2025-09-14 01:43:00,92 %
2025-09-14 01:43:15,92 %
2025-09-14 01:43:30,92 %
2025-09-14 01:43:45,92 %
2025-09-14 01:44:00,92 %
2025-09-14 01:44:15,92 %
2025-09-14 01:44:30,92 %
2025-09-14 01:44:45,91.3 %
2025-09-14 01:45:00,91.3 %
2025-09-14 01:45:15,91.3 %
2025-09-14 01:45:30,91.3 %
2025-09-14 01:45:45,91.3 %
2025-09-14 01:46:00,91.3 %
2025-09-14 01:46:15,91.3 %
2025-09-14 01:46:30,91.3 %
2025-09-14 01:46:45,91.3 %
2025-09-14 01:47:00,91.3 %
2025-09-14 01:47:15,91.3 %
2025-09-14 01:47:30,91.3 %
2025-09-14 01:47:45,91.3 %
2025-09-14 01:48:00,91.3 %
2025-09-14 01:48:15,91.3 %
2025-09-14 01:48:30,91.3 %
2025-09-14 01:48:45,91.3 %
2025-09-14 01:49:00,91.3 %
2025-09-14 01:49:15,91.3 %
2025-09-14 01:49:30,91.3 %
2025-09-14 01:49:45,91.3 %