"Time","vus"
2025-09-18 01:15:40,0 VUs
2025-09-18 01:16:00,0 VUs
2025-09-18 01:16:20,0 VUs
2025-09-18 01:16:40,3 VUs
2025-09-18 01:17:00,2 VUs
2025-09-18 01:17:20,0 VUs
2025-09-18 01:17:40,0 VUs
2025-09-18 01:18:00,0 VUs
2025-09-18 01:18:20,0 VUs
2025-09-18 01:18:40,480 VUs
2025-09-18 01:19:00,480 VUs
2025-09-18 01:19:20,480 VUs
2025-09-18 01:19:40,480 VUs
2025-09-18 01:20:00,480 VUs
2025-09-18 01:20:20,480 VUs
2025-09-18 01:20:40,480 VUs
2025-09-18 01:21:00,480 VUs
2025-09-18 01:21:20,480 VUs
2025-09-18 01:21:40,480 VUs
2025-09-18 01:22:00,480 VUs
2025-09-18 01:22:20,480 VUs
2025-09-18 01:22:40,480 VUs
2025-09-18 01:23:00,480 VUs
2025-09-18 01:23:20,479 VUs
2025-09-18 01:23:40,479 VUs
2025-09-18 01:24:00,480 VUs
2025-09-18 01:24:20,480 VUs
2025-09-18 01:24:40,480 VUs
2025-09-18 01:25:00,480 VUs
2025-09-18 01:25:20,480 VUs
2025-09-18 01:25:40,480 VUs
2025-09-18 01:26:00,480 VUs
2025-09-18 01:26:20,480 VUs
2025-09-18 01:26:40,480 VUs
2025-09-18 01:27:00,480 VUs
2025-09-18 01:27:20,480 VUs
2025-09-18 01:27:40,480 VUs
2025-09-18 01:28:00,480 VUs
2025-09-18 01:28:20,480 VUs
2025-09-18 01:28:40,480 VUs
2025-09-18 01:29:00,480 VUs
2025-09-18 01:29:20,480 VUs
2025-09-18 01:29:40,480 VUs
2025-09-18 01:30:00,480 VUs
2025-09-18 01:30:20,480 VUs
2025-09-18 01:30:40,480 VUs
2025-09-18 01:31:00,480 VUs
2025-09-18 01:31:20,480 VUs
2025-09-18 01:31:40,480 VUs
2025-09-18 01:32:00,480 VUs
2025-09-18 01:32:20,480 VUs
2025-09-18 01:32:40,480 VUs
2025-09-18 01:33:00,480 VUs
2025-09-18 01:33:20,480 VUs
2025-09-18 01:33:40,480 VUs
2025-09-18 01:34:00,480 VUs
2025-09-18 01:34:20,480 VUs
2025-09-18 01:34:40,480 VUs
2025-09-18 01:35:00,480 VUs
2025-09-18 01:35:20,480 VUs
2025-09-18 01:35:40,480 VUs
2025-09-18 01:36:00,480 VUs
2025-09-18 01:36:20,480 VUs
2025-09-18 01:36:40,480 VUs
2025-09-18 01:37:00,480 VUs
2025-09-18 01:37:20,480 VUs
2025-09-18 01:37:40,480 VUs
2025-09-18 01:38:00,480 VUs
2025-09-18 01:38:20,480 VUs
2025-09-18 01:38:40,480 VUs
2025-09-18 01:39:00,479 VUs
2025-09-18 01:39:20,480 VUs
2025-09-18 01:39:40,480 VUs
2025-09-18 01:40:00,480 VUs
2025-09-18 01:40:20,480 VUs
2025-09-18 01:40:40,480 VUs
2025-09-18 01:41:00,480 VUs
2025-09-18 01:41:20,480 VUs
2025-09-18 01:41:40,480 VUs
2025-09-18 01:42:00,480 VUs
2025-09-18 01:42:20,480 VUs
2025-09-18 01:42:40,480 VUs
2025-09-18 01:43:00,480 VUs
2025-09-18 01:43:20,480 VUs
2025-09-18 01:43:40,480 VUs
2025-09-18 01:44:00,480 VUs
2025-09-18 01:44:20,479 VUs
2025-09-18 01:44:40,480 VUs
2025-09-18 01:45:00,480 VUs
2025-09-18 01:45:20,480 VUs
2025-09-18 01:45:40,480 VUs
2025-09-18 01:46:00,479 VUs
2025-09-18 01:46:20,480 VUs
2025-09-18 01:46:40,479 VUs
2025-09-18 01:47:00,480 VUs
2025-09-18 01:47:20,479 VUs
2025-09-18 01:47:40,480 VUs
2025-09-18 01:48:00,480 VUs
2025-09-18 01:48:20,480 VUs
2025-09-18 01:48:40,0 VUs
2025-09-18 01:49:00,0 VUs
2025-09-18 01:49:20,0 VUs
2025-09-18 01:49:40,665 VUs
2025-09-18 01:50:00,1560 VUs
2025-09-18 01:50:20,1560 VUs
2025-09-18 01:50:40,1560 VUs
2025-09-18 01:51:00,1560 VUs
2025-09-18 01:51:20,1560 VUs
2025-09-18 01:51:40,1560 VUs
2025-09-18 01:52:00,1560 VUs
2025-09-18 01:52:20,1560 VUs
2025-09-18 01:52:40,1560 VUs
2025-09-18 01:53:00,1560 VUs
2025-09-18 01:53:20,1560 VUs
2025-09-18 01:53:40,1560 VUs
2025-09-18 01:54:00,1560 VUs
2025-09-18 01:54:20,1560 VUs
2025-09-18 01:54:40,1560 VUs
2025-09-18 01:55:00,1560 VUs
2025-09-18 01:55:20,1560 VUs
2025-09-18 01:55:40,1560 VUs
2025-09-18 01:56:00,1560 VUs
2025-09-18 01:56:20,1560 VUs
2025-09-18 01:56:40,1560 VUs
2025-09-18 01:57:00,1560 VUs
2025-09-18 01:57:20,1560 VUs
2025-09-18 01:57:40,1560 VUs
2025-09-18 01:58:00,1560 VUs
2025-09-18 01:58:20,1560 VUs
2025-09-18 01:58:40,1560 VUs
2025-09-18 01:59:00,1560 VUs
2025-09-18 01:59:20,1560 VUs
2025-09-18 01:59:40,1560 VUs
2025-09-18 02:00:00,1560 VUs
2025-09-18 02:00:20,1560 VUs
2025-09-18 02:00:40,1560 VUs
2025-09-18 02:01:00,1560 VUs
2025-09-18 02:01:20,1560 VUs
2025-09-18 02:01:40,1560 VUs
2025-09-18 02:02:00,1560 VUs
2025-09-18 02:02:20,1560 VUs
2025-09-18 02:02:40,1560 VUs
2025-09-18 02:03:00,1560 VUs
2025-09-18 02:03:20,1560 VUs
2025-09-18 02:03:40,1560 VUs
2025-09-18 02:04:00,1560 VUs
2025-09-18 02:04:20,1560 VUs
2025-09-18 02:04:40,1560 VUs
2025-09-18 02:05:00,1560 VUs
2025-09-18 02:05:20,1560 VUs
2025-09-18 02:05:40,1560 VUs
2025-09-18 02:06:00,1560 VUs
2025-09-18 02:06:20,1560 VUs
2025-09-18 02:06:40,1560 VUs
2025-09-18 02:07:00,1560 VUs
2025-09-18 02:07:20,1560 VUs
2025-09-18 02:07:40,1560 VUs
2025-09-18 02:08:00,1560 VUs
2025-09-18 02:08:20,1560 VUs
2025-09-18 02:08:40,1560 VUs
2025-09-18 02:09:00,1560 VUs
2025-09-18 02:09:20,1560 VUs
2025-09-18 02:09:40,1560 VUs
2025-09-18 02:10:00,1560 VUs
2025-09-18 02:10:20,1560 VUs
2025-09-18 02:10:40,1560 VUs
2025-09-18 02:11:00,1560 VUs
2025-09-18 02:11:20,1560 VUs
2025-09-18 02:11:40,0 VUs
2025-09-18 02:12:00,0 VUs
2025-09-18 02:12:20,0 VUs
2025-09-18 02:12:40,1518 VUs
2025-09-18 02:13:00,1680 VUs
2025-09-18 02:13:20,1680 VUs
2025-09-18 02:13:40,1680 VUs
2025-09-18 02:14:00,1680 VUs
2025-09-18 02:14:20,1680 VUs
2025-09-18 02:14:40,1680 VUs
2025-09-18 02:15:00,1680 VUs
2025-09-18 02:15:20,1680 VUs
2025-09-18 02:15:40,1680 VUs
2025-09-18 02:16:00,1680 VUs
2025-09-18 02:16:20,1680 VUs
2025-09-18 02:16:40,1680 VUs
2025-09-18 02:17:00,1680 VUs
2025-09-18 02:17:20,1680 VUs
2025-09-18 02:17:40,1680 VUs
2025-09-18 02:18:00,1680 VUs
2025-09-18 02:18:20,0 VUs
2025-09-18 02:18:40,0 VUs
2025-09-18 02:19:00,0 VUs
2025-09-18 02:19:20,0 VUs
2025-09-18 02:19:40,502 VUs
2025-09-18 02:20:00,540 VUs
2025-09-18 02:20:20,540 VUs
2025-09-18 02:20:40,539 VUs
2025-09-18 02:21:00,540 VUs
2025-09-18 02:21:20,540 VUs
2025-09-18 02:21:40,540 VUs
2025-09-18 02:22:00,540 VUs
2025-09-18 02:22:20,540 VUs
2025-09-18 02:22:40,540 VUs
2025-09-18 02:23:00,540 VUs
2025-09-18 02:23:20,540 VUs
2025-09-18 02:23:40,540 VUs
2025-09-18 02:24:00,540 VUs
2025-09-18 02:24:20,540 VUs
2025-09-18 02:24:40,540 VUs
2025-09-18 02:25:00,540 VUs
2025-09-18 02:25:20,540 VUs
2025-09-18 02:25:40,540 VUs
2025-09-18 02:26:00,540 VUs
2025-09-18 02:26:20,540 VUs
2025-09-18 02:26:40,540 VUs
2025-09-18 02:27:00,540 VUs
2025-09-18 02:27:20,540 VUs
2025-09-18 02:27:40,540 VUs
2025-09-18 02:28:00,540 VUs
2025-09-18 02:28:20,540 VUs
2025-09-18 02:28:40,540 VUs
2025-09-18 02:29:00,540 VUs
2025-09-18 02:29:20,540 VUs
2025-09-18 02:29:40,540 VUs
2025-09-18 02:30:00,540 VUs
2025-09-18 02:30:20,540 VUs
2025-09-18 02:30:40,540 VUs
2025-09-18 02:31:00,539 VUs
2025-09-18 02:31:20,540 VUs
2025-09-18 02:31:40,540 VUs
2025-09-18 02:32:00,540 VUs
2025-09-18 02:32:20,540 VUs
2025-09-18 02:32:40,540 VUs
2025-09-18 02:33:00,540 VUs
2025-09-18 02:33:20,540 VUs
2025-09-18 02:33:40,540 VUs
2025-09-18 02:34:00,540 VUs
2025-09-18 02:34:20,540 VUs
2025-09-18 02:34:40,540 VUs
2025-09-18 02:35:00,540 VUs
2025-09-18 02:35:20,540 VUs
2025-09-18 02:35:40,540 VUs
2025-09-18 02:36:00,540 VUs
2025-09-18 02:36:20,539 VUs
2025-09-18 02:36:40,540 VUs
2025-09-18 02:37:00,540 VUs
2025-09-18 02:37:20,540 VUs
2025-09-18 02:37:40,540 VUs
2025-09-18 02:38:00,540 VUs
2025-09-18 02:38:20,540 VUs
2025-09-18 02:38:40,540 VUs
2025-09-18 02:39:00,540 VUs
2025-09-18 02:39:20,540 VUs
2025-09-18 02:39:40,540 VUs
2025-09-18 02:40:00,540 VUs
2025-09-18 02:40:20,540 VUs
2025-09-18 02:40:40,540 VUs
2025-09-18 02:41:00,540 VUs
2025-09-18 02:41:20,540 VUs
2025-09-18 02:41:40,540 VUs
2025-09-18 02:42:00,540 VUs
2025-09-18 02:42:20,540 VUs
2025-09-18 02:42:40,540 VUs
2025-09-18 02:43:00,540 VUs
2025-09-18 02:43:20,540 VUs
2025-09-18 02:43:40,540 VUs
2025-09-18 02:44:00,540 VUs
2025-09-18 02:44:20,540 VUs
2025-09-18 02:44:40,540 VUs
2025-09-18 02:45:00,540 VUs
2025-09-18 02:45:20,539 VUs
2025-09-18 02:45:40,540 VUs
2025-09-18 02:46:00,540 VUs
2025-09-18 02:46:20,540 VUs
2025-09-18 02:46:40,540 VUs
2025-09-18 02:47:00,540 VUs
2025-09-18 02:47:20,540 VUs
2025-09-18 02:47:40,540 VUs
2025-09-18 02:48:00,540 VUs
2025-09-18 02:48:20,540 VUs
2025-09-18 02:48:40,540 VUs
2025-09-18 02:49:00,540 VUs
2025-09-18 02:49:20,540 VUs
2025-09-18 02:49:40,540 VUs
2025-09-18 02:50:00,540 VUs
2025-09-18 02:50:20,540 VUs
2025-09-18 02:50:40,540 VUs
2025-09-18 02:51:00,540 VUs
2025-09-18 02:51:20,540 VUs
2025-09-18 02:51:40,540 VUs
2025-09-18 02:52:00,539 VUs
2025-09-18 02:52:20,540 VUs
2025-09-18 02:52:40,540 VUs
2025-09-18 02:53:00,540 VUs
2025-09-18 02:53:20,540 VUs
2025-09-18 02:53:40,540 VUs
2025-09-18 02:54:00,539 VUs
2025-09-18 02:54:20,540 VUs
2025-09-18 02:54:40,539 VUs
2025-09-18 02:55:00,540 VUs
2025-09-18 02:55:20,540 VUs
2025-09-18 02:55:40,540 VUs
2025-09-18 02:56:00,540 VUs
2025-09-18 02:56:20,540 VUs
2025-09-18 02:56:40,540 VUs
2025-09-18 02:57:00,540 VUs
2025-09-18 02:57:20,540 VUs
2025-09-18 02:57:40,540 VUs
2025-09-18 02:58:00,540 VUs
2025-09-18 02:58:20,540 VUs
2025-09-18 02:58:40,539 VUs
2025-09-18 02:59:00,540 VUs
2025-09-18 02:59:20,540 VUs
2025-09-18 02:59:40,540 VUs
2025-09-18 03:00:00,539 VUs
2025-09-18 03:00:20,540 VUs
2025-09-18 03:00:40,540 VUs
2025-09-18 03:01:00,540 VUs
2025-09-18 03:01:20,539 VUs
2025-09-18 03:01:40,539 VUs
2025-09-18 03:02:00,540 VUs
2025-09-18 03:02:20,540 VUs
2025-09-18 03:02:40,540 VUs
2025-09-18 03:03:00,539 VUs
2025-09-18 03:03:20,540 VUs
2025-09-18 03:03:40,540 VUs
2025-09-18 03:04:00,539 VUs
2025-09-18 03:04:20,540 VUs
2025-09-18 03:04:40,539 VUs
2025-09-18 03:05:00,540 VUs
2025-09-18 03:05:20,539 VUs
2025-09-18 03:05:40,540 VUs
2025-09-18 03:06:00,540 VUs
2025-09-18 03:06:20,540 VUs
2025-09-18 03:06:40,540 VUs
2025-09-18 03:07:00,540 VUs
2025-09-18 03:07:20,540 VUs
2025-09-18 03:07:40,539 VUs
2025-09-18 03:08:00,539 VUs
2025-09-18 03:08:20,540 VUs
2025-09-18 03:08:40,537 VUs
2025-09-18 03:09:00,539 VUs
2025-09-18 03:09:20,540 VUs
2025-09-18 03:09:40,539 VUs
2025-09-18 03:10:00,540 VUs
2025-09-18 03:10:20,540 VUs
2025-09-18 03:10:40,540 VUs
2025-09-18 03:11:00,540 VUs
2025-09-18 03:11:20,540 VUs
2025-09-18 03:11:40,540 VUs
2025-09-18 03:12:00,540 VUs
2025-09-18 03:12:20,536 VUs
2025-09-18 03:12:40,540 VUs
2025-09-18 03:13:00,540 VUs
2025-09-18 03:13:20,540 VUs
2025-09-18 03:13:40,540 VUs
2025-09-18 03:14:00,539 VUs
2025-09-18 03:14:20,540 VUs
2025-09-18 03:14:40,540 VUs
2025-09-18 03:15:00,539 VUs
2025-09-18 03:15:20,540 VUs
2025-09-18 03:15:40,540 VUs
2025-09-18 03:16:00,540 VUs
2025-09-18 03:16:20,540 VUs
2025-09-18 03:16:40,540 VUs
2025-09-18 03:17:00,540 VUs
2025-09-18 03:17:20,540 VUs
2025-09-18 03:17:40,540 VUs
2025-09-18 03:18:00,540 VUs
2025-09-18 03:18:20,540 VUs
2025-09-18 03:18:40,540 VUs
2025-09-18 03:19:00,540 VUs
2025-09-18 03:19:20,540 VUs
2025-09-18 03:19:40,0 VUs
2025-09-18 03:20:00,0 VUs
2025-09-18 03:20:20,0 VUs
2025-09-18 03:20:40,0 VUs
2025-09-18 03:21:00,0 VUs
2025-09-18 03:21:20,0 VUs
2025-09-18 03:21:40,0 VUs
2025-09-18 03:22:00,0 VUs
2025-09-18 03:22:20,0 VUs
2025-09-18 03:22:40,0 VUs
2025-09-18 03:23:00,0 VUs
2025-09-18 03:23:20,0 VUs
2025-09-18 03:23:40,0 VUs
2025-09-18 03:24:00,0 VUs
2025-09-18 03:24:20,0 VUs
2025-09-18 03:24:40,480 VUs
2025-09-18 03:25:00,480 VUs
2025-09-18 03:25:20,480 VUs
2025-09-18 03:25:40,480 VUs
2025-09-18 03:26:00,480 VUs
2025-09-18 03:26:20,480 VUs
2025-09-18 03:26:40,480 VUs
2025-09-18 03:27:00,480 VUs
2025-09-18 03:27:20,480 VUs
2025-09-18 03:27:40,480 VUs
2025-09-18 03:28:00,480 VUs
2025-09-18 03:28:20,480 VUs
2025-09-18 03:28:40,479 VUs
2025-09-18 03:29:00,480 VUs
2025-09-18 03:29:20,480 VUs
2025-09-18 03:29:40,480 VUs
2025-09-18 03:30:00,480 VUs
2025-09-18 03:30:20,480 VUs
2025-09-18 03:30:40,480 VUs
2025-09-18 03:31:00,480 VUs
2025-09-18 03:31:20,480 VUs
2025-09-18 03:31:40,480 VUs
2025-09-18 03:32:00,480 VUs
2025-09-18 03:32:20,480 VUs
2025-09-18 03:32:40,479 VUs
2025-09-18 03:33:00,480 VUs
2025-09-18 03:33:20,480 VUs
2025-09-18 03:33:40,480 VUs
2025-09-18 03:34:00,480 VUs
2025-09-18 03:34:20,480 VUs
2025-09-18 03:34:40,480 VUs
2025-09-18 03:35:00,480 VUs
2025-09-18 03:35:20,480 VUs
2025-09-18 03:35:40,480 VUs
2025-09-18 03:36:00,480 VUs
2025-09-18 03:36:20,480 VUs
2025-09-18 03:36:40,480 VUs
2025-09-18 03:37:00,480 VUs
2025-09-18 03:37:20,480 VUs
2025-09-18 03:37:40,478 VUs
2025-09-18 03:38:00,480 VUs
2025-09-18 03:38:20,480 VUs
2025-09-18 03:38:40,480 VUs
2025-09-18 03:39:00,480 VUs
2025-09-18 03:39:20,480 VUs
2025-09-18 03:39:40,480 VUs
2025-09-18 03:40:00,480 VUs
2025-09-18 03:40:20,480 VUs
2025-09-18 03:40:40,480 VUs
2025-09-18 03:41:00,480 VUs
2025-09-18 03:41:20,480 VUs
2025-09-18 03:41:40,480 VUs
2025-09-18 03:42:00,480 VUs
2025-09-18 03:42:20,480 VUs
2025-09-18 03:42:40,480 VUs
2025-09-18 03:43:00,480 VUs
2025-09-18 03:43:20,480 VUs
2025-09-18 03:43:40,479 VUs
2025-09-18 03:44:00,480 VUs
2025-09-18 03:44:20,480 VUs
2025-09-18 03:44:40,480 VUs
2025-09-18 03:45:00,480 VUs
2025-09-18 03:45:20,480 VUs
2025-09-18 03:45:40,480 VUs
2025-09-18 03:46:00,480 VUs
2025-09-18 03:46:20,480 VUs
2025-09-18 03:46:40,480 VUs
2025-09-18 03:47:00,480 VUs
2025-09-18 03:47:20,480 VUs
2025-09-18 03:47:40,480 VUs
2025-09-18 03:48:00,480 VUs
2025-09-18 03:48:20,480 VUs
2025-09-18 03:48:40,480 VUs
2025-09-18 03:49:00,480 VUs
2025-09-18 03:49:20,480 VUs
2025-09-18 03:49:40,480 VUs
2025-09-18 03:50:00,480 VUs
2025-09-18 03:50:20,480 VUs
2025-09-18 03:50:40,480 VUs
2025-09-18 03:51:00,480 VUs
2025-09-18 03:51:20,480 VUs
2025-09-18 03:51:40,480 VUs
2025-09-18 03:52:00,480 VUs
2025-09-18 03:52:20,480 VUs
2025-09-18 03:52:40,479 VUs
2025-09-18 03:53:00,479 VUs
2025-09-18 03:53:20,480 VUs
2025-09-18 03:53:40,480 VUs
2025-09-18 03:54:00,480 VUs
2025-09-18 03:54:20,480 VUs
2025-09-18 03:54:40,0 VUs
2025-09-18 03:55:00,0 VUs
2025-09-18 03:55:20,0 VUs
2025-09-18 03:55:40,938 VUs
2025-09-18 03:56:00,1560 VUs
2025-09-18 03:56:20,1559 VUs
2025-09-18 03:56:40,1560 VUs
2025-09-18 03:57:00,1560 VUs
2025-09-18 03:57:20,1560 VUs
2025-09-18 03:57:40,1560 VUs
2025-09-18 03:58:00,1560 VUs
2025-09-18 03:58:20,1560 VUs
2025-09-18 03:58:40,1559 VUs
2025-09-18 03:59:00,1559 VUs
2025-09-18 03:59:20,1560 VUs
2025-09-18 03:59:40,1560 VUs
2025-09-18 04:00:00,1560 VUs
2025-09-18 04:00:20,1560 VUs
2025-09-18 04:00:40,1533 VUs
2025-09-18 04:01:00,1560 VUs
2025-09-18 04:01:20,1560 VUs
2025-09-18 04:01:40,1560 VUs
2025-09-18 04:02:00,1560 VUs
2025-09-18 04:02:20,1560 VUs
2025-09-18 04:02:40,1560 VUs
2025-09-18 04:03:00,1560 VUs
2025-09-18 04:03:20,1560 VUs
2025-09-18 04:03:40,1560 VUs
2025-09-18 04:04:00,1560 VUs
2025-09-18 04:04:20,1560 VUs
2025-09-18 04:04:40,1560 VUs
2025-09-18 04:05:00,1560 VUs
2025-09-18 04:05:20,1560 VUs
2025-09-18 04:05:40,1560 VUs
2025-09-18 04:06:00,1560 VUs
2025-09-18 04:06:20,1560 VUs
2025-09-18 04:06:40,1560 VUs
2025-09-18 04:07:00,1560 VUs
2025-09-18 04:07:20,1560 VUs
2025-09-18 04:07:40,1560 VUs
2025-09-18 04:08:00,1560 VUs
2025-09-18 04:08:20,1560 VUs
2025-09-18 04:08:40,1560 VUs
2025-09-18 04:09:00,1560 VUs
2025-09-18 04:09:20,1560 VUs
2025-09-18 04:09:40,1560 VUs
2025-09-18 04:10:00,1560 VUs
2025-09-18 04:10:20,1560 VUs
2025-09-18 04:10:40,1560 VUs
2025-09-18 04:11:00,1560 VUs
2025-09-18 04:11:20,1560 VUs
2025-09-18 04:11:40,1560 VUs
2025-09-18 04:12:00,1559 VUs
2025-09-18 04:12:20,1560 VUs
2025-09-18 04:12:40,1560 VUs
2025-09-18 04:13:00,1560 VUs
2025-09-18 04:13:20,1560 VUs
2025-09-18 04:13:40,1560 VUs
2025-09-18 04:14:00,1560 VUs
2025-09-18 04:14:20,1560 VUs
2025-09-18 04:14:40,1560 VUs
2025-09-18 04:15:00,1560 VUs
2025-09-18 04:15:20,1560 VUs
2025-09-18 04:15:40,1560 VUs
2025-09-18 04:16:00,1560 VUs
2025-09-18 04:16:20,1560 VUs
2025-09-18 04:16:40,1560 VUs
2025-09-18 04:17:00,1558 VUs
2025-09-18 04:17:20,1557 VUs
2025-09-18 04:17:40,0 VUs
2025-09-18 04:18:00,0 VUs
2025-09-18 04:18:20,0 VUs
2025-09-18 04:18:40,1680 VUs
2025-09-18 04:19:00,1680 VUs
2025-09-18 04:19:20,1680 VUs
2025-09-18 04:19:40,1680 VUs
2025-09-18 04:20:00,1680 VUs
2025-09-18 04:20:20,1679 VUs
2025-09-18 04:20:40,1680 VUs
2025-09-18 04:21:00,1680 VUs
2025-09-18 04:21:20,1680 VUs
2025-09-18 04:21:40,1680 VUs
2025-09-18 04:22:00,1679 VUs
2025-09-18 04:22:20,1680 VUs
2025-09-18 04:22:40,1680 VUs
2025-09-18 04:23:00,1680 VUs
2025-09-18 04:23:20,1680 VUs
2025-09-18 04:23:40,1680 VUs
2025-09-18 04:24:00,1680 VUs
2025-09-18 04:24:20,0 VUs
2025-09-18 04:24:40,0 VUs
2025-09-18 04:25:00,0 VUs
2025-09-18 04:25:20,0 VUs
2025-09-18 04:25:40,540 VUs
2025-09-18 04:26:00,539 VUs
2025-09-18 04:26:20,540 VUs
2025-09-18 04:26:40,539 VUs
2025-09-18 04:27:00,540 VUs
2025-09-18 04:27:20,540 VUs
2025-09-18 04:27:40,540 VUs
2025-09-18 04:28:00,540 VUs
2025-09-18 04:28:20,538 VUs
2025-09-18 04:28:40,540 VUs
2025-09-18 04:29:00,540 VUs
2025-09-18 04:29:20,540 VUs
2025-09-18 04:29:40,540 VUs
2025-09-18 04:30:00,540 VUs
2025-09-18 04:30:20,540 VUs
2025-09-18 04:30:40,539 VUs
2025-09-18 04:31:00,539 VUs
2025-09-18 04:31:20,540 VUs
2025-09-18 04:31:40,540 VUs
2025-09-18 04:32:00,540 VUs
2025-09-18 04:32:20,540 VUs
2025-09-18 04:32:40,539 VUs
2025-09-18 04:33:00,540 VUs
2025-09-18 04:33:20,540 VUs
2025-09-18 04:33:40,540 VUs
2025-09-18 04:34:00,540 VUs
2025-09-18 04:34:20,540 VUs
2025-09-18 04:34:40,540 VUs
2025-09-18 04:35:00,540 VUs
2025-09-18 04:35:20,538 VUs
2025-09-18 04:35:40,540 VUs
2025-09-18 04:36:00,540 VUs
2025-09-18 04:36:20,540 VUs
2025-09-18 04:36:40,533 VUs
2025-09-18 04:37:00,540 VUs
2025-09-18 04:37:20,539 VUs
2025-09-18 04:37:40,534 VUs
2025-09-18 04:38:00,540 VUs
2025-09-18 04:38:20,540 VUs
2025-09-18 04:38:40,539 VUs
2025-09-18 04:39:00,539 VUs
2025-09-18 04:39:20,540 VUs
2025-09-18 04:39:40,538 VUs
2025-09-18 04:40:00,540 VUs
2025-09-18 04:40:20,539 VUs
2025-09-18 04:40:40,537 VUs
2025-09-18 04:41:00,540 VUs
2025-09-18 04:41:20,540 VUs
2025-09-18 04:41:40,540 VUs
2025-09-18 04:42:00,540 VUs
2025-09-18 04:42:20,540 VUs
2025-09-18 04:42:40,539 VUs
2025-09-18 04:43:00,540 VUs
2025-09-18 04:43:20,540 VUs
2025-09-18 04:43:40,540 VUs
2025-09-18 04:44:00,540 VUs
2025-09-18 04:44:20,540 VUs
2025-09-18 04:44:40,539 VUs
2025-09-18 04:45:00,540 VUs
2025-09-18 04:45:20,540 VUs
2025-09-18 04:45:40,540 VUs
2025-09-18 04:46:00,540 VUs
2025-09-18 04:46:20,540 VUs
2025-09-18 04:46:40,540 VUs
2025-09-18 04:47:00,540 VUs
2025-09-18 04:47:20,540 VUs
2025-09-18 04:47:40,540 VUs
2025-09-18 04:48:00,540 VUs
2025-09-18 04:48:20,535 VUs
2025-09-18 04:48:40,539 VUs
2025-09-18 04:49:00,539 VUs
2025-09-18 04:49:20,540 VUs
2025-09-18 04:49:40,539 VUs
2025-09-18 04:50:00,540 VUs
2025-09-18 04:50:20,540 VUs
2025-09-18 04:50:40,539 VUs
2025-09-18 04:51:00,539 VUs
2025-09-18 04:51:20,540 VUs
2025-09-18 04:51:40,540 VUs
2025-09-18 04:52:00,540 VUs
2025-09-18 04:52:20,540 VUs
2025-09-18 04:52:40,540 VUs
2025-09-18 04:53:00,540 VUs
2025-09-18 04:53:20,540 VUs
2025-09-18 04:53:40,538 VUs
2025-09-18 04:54:00,540 VUs
2025-09-18 04:54:20,540 VUs
2025-09-18 04:54:40,540 VUs
2025-09-18 04:55:00,540 VUs
2025-09-18 04:55:20,540 VUs
2025-09-18 04:55:40,540 VUs
2025-09-18 04:56:00,540 VUs
2025-09-18 04:56:20,540 VUs
2025-09-18 04:56:40,540 VUs
2025-09-18 04:57:00,540 VUs
2025-09-18 04:57:20,540 VUs
2025-09-18 04:57:40,539 VUs
2025-09-18 04:58:00,540 VUs
2025-09-18 04:58:20,539 VUs
2025-09-18 04:58:40,540 VUs
2025-09-18 04:59:00,540 VUs
2025-09-18 04:59:20,539 VUs
2025-09-18 04:59:40,539 VUs
2025-09-18 05:00:00,540 VUs
2025-09-18 05:00:20,540 VUs
2025-09-18 05:00:40,540 VUs
2025-09-18 05:01:00,538 VUs
2025-09-18 05:01:20,540 VUs
2025-09-18 05:01:40,540 VUs
2025-09-18 05:02:00,540 VUs
2025-09-18 05:02:20,540 VUs
2025-09-18 05:02:40,540 VUs
2025-09-18 05:03:00,540 VUs
2025-09-18 05:03:20,540 VUs
2025-09-18 05:03:40,539 VUs
2025-09-18 05:04:00,540 VUs
2025-09-18 05:04:20,540 VUs
2025-09-18 05:04:40,540 VUs
2025-09-18 05:05:00,540 VUs
2025-09-18 05:05:20,539 VUs
2025-09-18 05:05:40,540 VUs
2025-09-18 05:06:00,540 VUs
2025-09-18 05:06:20,540 VUs
2025-09-18 05:06:40,540 VUs
2025-09-18 05:07:00,540 VUs
2025-09-18 05:07:20,540 VUs
2025-09-18 05:07:40,540 VUs
2025-09-18 05:08:00,540 VUs
2025-09-18 05:08:20,540 VUs
2025-09-18 05:08:40,539 VUs
2025-09-18 05:09:00,540 VUs
2025-09-18 05:09:20,540 VUs
2025-09-18 05:09:40,539 VUs
2025-09-18 05:10:00,540 VUs
2025-09-18 05:10:20,540 VUs
2025-09-18 05:10:40,539 VUs
2025-09-18 05:11:00,540 VUs
2025-09-18 05:11:20,540 VUs
2025-09-18 05:11:40,540 VUs
2025-09-18 05:12:00,540 VUs
2025-09-18 05:12:20,540 VUs
2025-09-18 05:12:40,540 VUs
2025-09-18 05:13:00,540 VUs
2025-09-18 05:13:20,540 VUs
2025-09-18 05:13:40,540 VUs
2025-09-18 05:14:00,540 VUs
2025-09-18 05:14:20,540 VUs
2025-09-18 05:14:40,540 VUs
2025-09-18 05:15:00,540 VUs
2025-09-18 05:15:20,540 VUs
2025-09-18 05:15:40,539 VUs
2025-09-18 05:16:00,540 VUs
2025-09-18 05:16:20,540 VUs
2025-09-18 05:16:40,540 VUs
2025-09-18 05:17:00,540 VUs
2025-09-18 05:17:20,540 VUs
2025-09-18 05:17:40,540 VUs
2025-09-18 05:18:00,540 VUs
2025-09-18 05:18:20,539 VUs
2025-09-18 05:18:40,539 VUs
2025-09-18 05:19:00,540 VUs
2025-09-18 05:19:20,540 VUs
2025-09-18 05:19:40,540 VUs
2025-09-18 05:20:00,540 VUs
2025-09-18 05:20:20,538 VUs
2025-09-18 05:20:40,540 VUs
2025-09-18 05:21:00,540 VUs
2025-09-18 05:21:20,539 VUs
2025-09-18 05:21:40,540 VUs
2025-09-18 05:22:00,540 VUs
2025-09-18 05:22:20,540 VUs
2025-09-18 05:22:40,540 VUs
2025-09-18 05:23:00,538 VUs
2025-09-18 05:23:20,540 VUs
2025-09-18 05:23:40,540 VUs
2025-09-18 05:24:00,540 VUs
2025-09-18 05:24:20,540 VUs
2025-09-18 05:24:40,540 VUs
2025-09-18 05:25:00,540 VUs
2025-09-18 05:25:20,540 VUs
2025-09-18 05:25:40,0 VUs
2025-09-18 05:26:00,0 VUs
2025-09-18 05:26:20,0 VUs
2025-09-18 05:26:40,0 VUs
2025-09-18 05:27:00,0 VUs
2025-09-18 05:27:20,0 VUs
2025-09-18 05:27:40,0 VUs
2025-09-18 05:28:00,0 VUs
2025-09-18 05:28:20,0 VUs
2025-09-18 05:28:40,0 VUs
2025-09-18 05:29:00,0 VUs
2025-09-18 05:29:20,0 VUs
2025-09-18 05:29:40,0 VUs
2025-09-18 05:30:00,0 VUs
2025-09-18 05:30:20,0 VUs
2025-09-18 05:30:40,480 VUs
2025-09-18 05:31:00,480 VUs
2025-09-18 05:31:20,480 VUs
2025-09-18 05:31:40,480 VUs
2025-09-18 05:32:00,480 VUs
2025-09-18 05:32:20,479 VUs
2025-09-18 05:32:40,480 VUs
2025-09-18 05:33:00,480 VUs
2025-09-18 05:33:20,433 VUs
2025-09-18 05:33:40,480 VUs
2025-09-18 05:34:00,480 VUs
2025-09-18 05:34:20,480 VUs
2025-09-18 05:34:40,476 VUs
2025-09-18 05:35:00,480 VUs
2025-09-18 05:35:20,480 VUs
2025-09-18 05:35:40,480 VUs
2025-09-18 05:36:00,476 VUs
2025-09-18 05:36:20,480 VUs
2025-09-18 05:36:40,480 VUs
2025-09-18 05:37:00,480 VUs
2025-09-18 05:37:20,479 VUs
2025-09-18 05:37:40,480 VUs
2025-09-18 05:38:00,480 VUs
2025-09-18 05:38:20,480 VUs
2025-09-18 05:38:40,480 VUs
2025-09-18 05:39:00,480 VUs
2025-09-18 05:39:20,480 VUs
2025-09-18 05:39:40,480 VUs
2025-09-18 05:40:00,480 VUs
2025-09-18 05:40:20,480 VUs
2025-09-18 05:40:40,479 VUs
2025-09-18 05:41:00,480 VUs
2025-09-18 05:41:20,480 VUs
2025-09-18 05:41:40,480 VUs
2025-09-18 05:42:00,480 VUs
2025-09-18 05:42:20,479 VUs
2025-09-18 05:42:40,480 VUs
2025-09-18 05:43:00,480 VUs
2025-09-18 05:43:20,480 VUs
2025-09-18 05:43:40,480 VUs
2025-09-18 05:44:00,480 VUs
2025-09-18 05:44:20,480 VUs
2025-09-18 05:44:40,480 VUs
2025-09-18 05:45:00,480 VUs
2025-09-18 05:45:20,480 VUs
2025-09-18 05:45:40,480 VUs
2025-09-18 05:46:00,480 VUs
2025-09-18 05:46:20,479 VUs
2025-09-18 05:46:40,480 VUs
2025-09-18 05:47:00,480 VUs
2025-09-18 05:47:20,480 VUs
2025-09-18 05:47:40,479 VUs
2025-09-18 05:48:00,480 VUs
2025-09-18 05:48:20,479 VUs
2025-09-18 05:48:40,479 VUs
2025-09-18 05:49:00,480 VUs
2025-09-18 05:49:20,480 VUs
2025-09-18 05:49:40,480 VUs
2025-09-18 05:50:00,477 VUs
2025-09-18 05:50:20,480 VUs
2025-09-18 05:50:40,480 VUs
2025-09-18 05:51:00,480 VUs
2025-09-18 05:51:20,480 VUs
2025-09-18 05:51:40,480 VUs
2025-09-18 05:52:00,480 VUs
2025-09-18 05:52:20,480 VUs
2025-09-18 05:52:40,480 VUs
2025-09-18 05:53:00,480 VUs
2025-09-18 05:53:20,480 VUs
2025-09-18 05:53:40,477 VUs
2025-09-18 05:54:00,480 VUs
2025-09-18 05:54:20,480 VUs
2025-09-18 05:54:40,480 VUs
2025-09-18 05:55:00,480 VUs
2025-09-18 05:55:20,480 VUs
2025-09-18 05:55:40,480 VUs
2025-09-18 05:56:00,480 VUs
2025-09-18 05:56:20,480 VUs
2025-09-18 05:56:40,480 VUs
2025-09-18 05:57:00,480 VUs
2025-09-18 05:57:20,480 VUs
2025-09-18 05:57:40,480 VUs
2025-09-18 05:58:00,480 VUs
2025-09-18 05:58:20,480 VUs
2025-09-18 05:58:40,480 VUs
2025-09-18 05:59:00,480 VUs
2025-09-18 05:59:20,480 VUs
2025-09-18 05:59:40,480 VUs
2025-09-18 06:00:00,480 VUs
2025-09-18 06:00:20,480 VUs
2025-09-18 06:00:40,0 VUs
2025-09-18 06:01:00,0 VUs
2025-09-18 06:01:20,0 VUs
2025-09-18 06:01:40,978 VUs
2025-09-18 06:02:00,1558 VUs
2025-09-18 06:02:20,1559 VUs
2025-09-18 06:02:40,1560 VUs
2025-09-18 06:03:00,1558 VUs
2025-09-18 06:03:20,1560 VUs
2025-09-18 06:03:40,1557 VUs
2025-09-18 06:04:00,1560 VUs
2025-09-18 06:04:20,1560 VUs
2025-09-18 06:04:40,1560 VUs
2025-09-18 06:05:00,1560 VUs
2025-09-18 06:05:20,1559 VUs
2025-09-18 06:05:40,1559 VUs
2025-09-18 06:06:00,1560 VUs
2025-09-18 06:06:20,1560 VUs
2025-09-18 06:06:40,1559 VUs
2025-09-18 06:07:00,1560 VUs
2025-09-18 06:07:20,1559 VUs
2025-09-18 06:07:40,1560 VUs
2025-09-18 06:08:00,1560 VUs
2025-09-18 06:08:20,1560 VUs
2025-09-18 06:08:40,1560 VUs
2025-09-18 06:09:00,1560 VUs
2025-09-18 06:09:20,1560 VUs
2025-09-18 06:09:40,1560 VUs
2025-09-18 06:10:00,1560 VUs
2025-09-18 06:10:20,1560 VUs
2025-09-18 06:10:40,1560 VUs
2025-09-18 06:11:00,1559 VUs
2025-09-18 06:11:20,1560 VUs
2025-09-18 06:11:40,1560 VUs
2025-09-18 06:12:00,1560 VUs
2025-09-18 06:12:20,1560 VUs
2025-09-18 06:12:40,1560 VUs
2025-09-18 06:13:00,1558 VUs
2025-09-18 06:13:20,1560 VUs
2025-09-18 06:13:40,1560 VUs
2025-09-18 06:14:00,1560 VUs
2025-09-18 06:14:20,1560 VUs
2025-09-18 06:14:40,1560 VUs
2025-09-18 06:15:00,1560 VUs
2025-09-18 06:15:20,1560 VUs
2025-09-18 06:15:40,1560 VUs
2025-09-18 06:16:00,1560 VUs
2025-09-18 06:16:20,1560 VUs
2025-09-18 06:16:40,1560 VUs
2025-09-18 06:17:00,1560 VUs
2025-09-18 06:17:20,1559 VUs
2025-09-18 06:17:40,1560 VUs
2025-09-18 06:18:00,1560 VUs
2025-09-18 06:18:20,1560 VUs
2025-09-18 06:18:40,1560 VUs
2025-09-18 06:19:00,1560 VUs
2025-09-18 06:19:20,1560 VUs
2025-09-18 06:19:40,1560 VUs
2025-09-18 06:20:00,1560 VUs
2025-09-18 06:20:20,1560 VUs
2025-09-18 06:20:40,1560 VUs
2025-09-18 06:21:00,1560 VUs
2025-09-18 06:21:20,1560 VUs
2025-09-18 06:21:40,1560 VUs
2025-09-18 06:22:00,1560 VUs
2025-09-18 06:22:20,1560 VUs
2025-09-18 06:22:40,1559 VUs
2025-09-18 06:23:00,1560 VUs
2025-09-18 06:23:20,1560 VUs
2025-09-18 06:23:40,0 VUs
2025-09-18 06:24:00,0 VUs
2025-09-18 06:24:20,0 VUs
2025-09-18 06:24:40,1680 VUs
2025-09-18 06:25:00,1680 VUs
2025-09-18 06:25:20,1680 VUs
2025-09-18 06:25:40,1680 VUs
2025-09-18 06:26:00,1680 VUs
2025-09-18 06:26:20,1680 VUs
2025-09-18 06:26:40,1680 VUs
2025-09-18 06:27:00,1680 VUs
2025-09-18 06:27:20,1680 VUs
2025-09-18 06:27:40,1680 VUs
2025-09-18 06:28:00,1680 VUs
2025-09-18 06:28:20,1680 VUs
2025-09-18 06:28:40,1680 VUs
2025-09-18 06:29:00,1680 VUs
2025-09-18 06:29:20,1680 VUs
2025-09-18 06:29:40,1680 VUs
2025-09-18 06:30:00,1680 VUs
2025-09-18 06:30:20,0 VUs
2025-09-18 06:30:40,0 VUs
2025-09-18 06:31:00,0 VUs
2025-09-18 06:31:20,0 VUs
2025-09-18 06:31:40,540 VUs
2025-09-18 06:32:00,540 VUs
2025-09-18 06:32:20,538 VUs
2025-09-18 06:32:40,539 VUs
2025-09-18 06:33:00,540 VUs
2025-09-18 06:33:20,540 VUs
2025-09-18 06:33:40,540 VUs
2025-09-18 06:34:00,540 VUs
2025-09-18 06:34:20,540 VUs
2025-09-18 06:34:40,540 VUs
2025-09-18 06:35:00,540 VUs
2025-09-18 06:35:20,540 VUs
2025-09-18 06:35:40,540 VUs
2025-09-18 06:36:00,540 VUs
2025-09-18 06:36:20,539 VUs
2025-09-18 06:36:40,533 VUs
2025-09-18 06:37:00,540 VUs
2025-09-18 06:37:20,540 VUs
2025-09-18 06:37:40,540 VUs
2025-09-18 06:38:00,540 VUs
2025-09-18 06:38:20,539 VUs
2025-09-18 06:38:40,540 VUs
2025-09-18 06:39:00,540 VUs
2025-09-18 06:39:20,540 VUs
2025-09-18 06:39:40,540 VUs
2025-09-18 06:40:00,540 VUs
2025-09-18 06:40:20,540 VUs
2025-09-18 06:40:40,540 VUs
2025-09-18 06:41:00,540 VUs
2025-09-18 06:41:20,540 VUs
2025-09-18 06:41:40,539 VUs
2025-09-18 06:42:00,540 VUs
2025-09-18 06:42:20,540 VUs
2025-09-18 06:42:40,540 VUs
2025-09-18 06:43:00,540 VUs
2025-09-18 06:43:20,539 VUs
2025-09-18 06:43:40,540 VUs
2025-09-18 06:44:00,540 VUs
2025-09-18 06:44:20,540 VUs
2025-09-18 06:44:40,539 VUs
2025-09-18 06:45:00,540 VUs
2025-09-18 06:45:20,540 VUs
2025-09-18 06:45:40,540 VUs
2025-09-18 06:46:00,540 VUs
2025-09-18 06:46:20,540 VUs
2025-09-18 06:46:40,540 VUs
2025-09-18 06:47:00,540 VUs
2025-09-18 06:47:20,539 VUs
2025-09-18 06:47:40,538 VUs
2025-09-18 06:48:00,539 VUs
2025-09-18 06:48:20,540 VUs
2025-09-18 06:48:40,540 VUs
2025-09-18 06:49:00,540 VUs
2025-09-18 06:49:20,540 VUs
2025-09-18 06:49:40,540 VUs
2025-09-18 06:50:00,539 VUs
2025-09-18 06:50:20,540 VUs
2025-09-18 06:50:40,540 VUs
2025-09-18 06:51:00,540 VUs
2025-09-18 06:51:20,540 VUs
2025-09-18 06:51:40,540 VUs
2025-09-18 06:52:00,540 VUs
2025-09-18 06:52:20,540 VUs
2025-09-18 06:52:40,540 VUs
2025-09-18 06:53:00,540 VUs
2025-09-18 06:53:20,539 VUs
2025-09-18 06:53:40,540 VUs
2025-09-18 06:54:00,540 VUs
2025-09-18 06:54:20,540 VUs
2025-09-18 06:54:40,540 VUs
2025-09-18 06:55:00,539 VUs
2025-09-18 06:55:20,539 VUs
2025-09-18 06:55:40,540 VUs
2025-09-18 06:56:00,540 VUs
2025-09-18 06:56:20,540 VUs
2025-09-18 06:56:40,540 VUs
2025-09-18 06:57:00,540 VUs
2025-09-18 06:57:20,539 VUs
2025-09-18 06:57:40,540 VUs
2025-09-18 06:58:00,540 VUs
2025-09-18 06:58:20,540 VUs
2025-09-18 06:58:40,540 VUs
2025-09-18 06:59:00,540 VUs
2025-09-18 06:59:20,540 VUs
2025-09-18 06:59:40,540 VUs
2025-09-18 07:00:00,540 VUs
2025-09-18 07:00:20,540 VUs
2025-09-18 07:00:40,540 VUs
2025-09-18 07:01:00,540 VUs
2025-09-18 07:01:20,540 VUs
2025-09-18 07:01:40,540 VUs
2025-09-18 07:02:00,539 VUs
2025-09-18 07:02:20,540 VUs
2025-09-18 07:02:40,540 VUs
2025-09-18 07:03:00,540 VUs
2025-09-18 07:03:20,540 VUs
2025-09-18 07:03:40,533 VUs
2025-09-18 07:04:00,540 VUs
2025-09-18 07:04:20,540 VUs
2025-09-18 07:04:40,540 VUs
2025-09-18 07:05:00,540 VUs
2025-09-18 07:05:20,540 VUs
2025-09-18 07:05:40,540 VUs
2025-09-18 07:06:00,540 VUs
2025-09-18 07:06:20,540 VUs
2025-09-18 07:06:40,540 VUs
2025-09-18 07:07:00,540 VUs
2025-09-18 07:07:20,540 VUs
2025-09-18 07:07:40,540 VUs
2025-09-18 07:08:00,540 VUs
2025-09-18 07:08:20,540 VUs
2025-09-18 07:08:40,531 VUs
2025-09-18 07:09:00,540 VUs
2025-09-18 07:09:20,540 VUs
2025-09-18 07:09:40,540 VUs
2025-09-18 07:10:00,540 VUs
2025-09-18 07:10:20,540 VUs
2025-09-18 07:10:40,540 VUs
2025-09-18 07:11:00,540 VUs
2025-09-18 07:11:20,540 VUs
2025-09-18 07:11:40,540 VUs
2025-09-18 07:12:00,540 VUs
2025-09-18 07:12:20,540 VUs
2025-09-18 07:12:40,482 VUs
2025-09-18 07:13:00,536 VUs
2025-09-18 07:13:20,540 VUs
2025-09-18 07:13:40,538 VUs
2025-09-18 07:14:00,540 VUs
2025-09-18 07:14:20,540 VUs
2025-09-18 07:14:40,540 VUs
2025-09-18 07:15:00,539 VUs
2025-09-18 07:15:20,540 VUs
2025-09-18 07:15:40,540 VUs
2025-09-18 07:16:00,540 VUs
2025-09-18 07:16:20,540 VUs
2025-09-18 07:16:40,540 VUs
2025-09-18 07:17:00,537 VUs
2025-09-18 07:17:20,531 VUs
2025-09-18 07:17:40,540 VUs
2025-09-18 07:18:00,540 VUs
2025-09-18 07:18:20,540 VUs
2025-09-18 07:18:40,539 VUs
2025-09-18 07:19:00,540 VUs
2025-09-18 07:19:20,540 VUs
2025-09-18 07:19:40,540 VUs
2025-09-18 07:20:00,540 VUs
2025-09-18 07:20:20,540 VUs
2025-09-18 07:20:40,540 VUs
2025-09-18 07:21:00,540 VUs
2025-09-18 07:21:20,540 VUs
2025-09-18 07:21:40,540 VUs
2025-09-18 07:22:00,540 VUs
2025-09-18 07:22:20,540 VUs
2025-09-18 07:22:40,540 VUs
2025-09-18 07:23:00,538 VUs
2025-09-18 07:23:20,540 VUs
2025-09-18 07:23:40,539 VUs
2025-09-18 07:24:00,540 VUs
2025-09-18 07:24:20,540 VUs
2025-09-18 07:24:40,540 VUs
2025-09-18 07:25:00,539 VUs
2025-09-18 07:25:20,540 VUs
2025-09-18 07:25:40,540 VUs
2025-09-18 07:26:00,540 VUs
2025-09-18 07:26:20,540 VUs
2025-09-18 07:26:40,538 VUs
2025-09-18 07:27:00,540 VUs
2025-09-18 07:27:20,539 VUs
2025-09-18 07:27:40,540 VUs
2025-09-18 07:28:00,540 VUs
2025-09-18 07:28:20,536 VUs
2025-09-18 07:28:40,540 VUs
2025-09-18 07:29:00,540 VUs
2025-09-18 07:29:20,539 VUs
2025-09-18 07:29:40,540 VUs
2025-09-18 07:30:00,539 VUs
2025-09-18 07:30:20,540 VUs
2025-09-18 07:30:40,540 VUs
2025-09-18 07:31:00,540 VUs
2025-09-18 07:31:20,540 VUs
2025-09-18 07:31:40,539 VUs
2025-09-18 07:32:00,539 VUs
2025-09-18 07:32:20,539 VUs
2025-09-18 07:32:40,539 VUs
2025-09-18 07:33:00,539 VUs
2025-09-18 07:33:20,539 VUs
2025-09-18 07:33:40,539 VUs
2025-09-18 07:34:00,539 VUs
2025-09-18 07:34:20,539 VUs
2025-09-18 07:34:40,539 VUs
2025-09-18 07:35:00,539 VUs
2025-09-18 07:35:20,539 VUs
2025-09-18 07:35:40,539 VUs
2025-09-18 07:36:00,539 VUs
2025-09-18 07:36:20,539 VUs